run_label,round,framework,backend_key,experiment,experiment_key,n_run,t_run,spike_path,spikes,active_neurons,status,timestamp,spike_schema_version,spike_time_column,spike_time_unit
nature_2026_05,1,Brian2 (CPU),brian2cpp,Sugar GRNs (200 Hz),sugar,1,0.1,data/results/nature_2026_05/round_01/brian2cpp_t0.1s_n1.parquet,1558,323,success,2026-05-22 14:10:42,1,time_ms,ms
nature_2026_05,1,Brian2 (CPU),brian2cpp,Sugar GRNs (200 Hz),sugar,1,1.0,data/results/nature_2026_05/round_01/brian2cpp_t1.0s_n1.parquet,16567,380,success,2026-05-22 14:10:47,1,time_ms,ms
nature_2026_05,1,Brian2 (CPU),brian2cpp,Sugar GRNs (200 Hz),sugar,1,10.0,data/results/nature_2026_05/round_01/brian2cpp_t10.0s_n1.parquet,170940,434,success,2026-05-22 14:11:22,1,time_ms,ms
nature_2026_05,1,Brian2 (CPU),brian2cpp,Sugar GRNs (200 Hz),sugar,1,100.0,data/results/nature_2026_05/round_01/brian2cpp_t100.0s_n1.parquet,1705441,458,success,2026-05-22 14:15:48,1,time_ms,ms
nature_2026_05,1,Brian2 (CPU),brian2cpp,Sugar GRNs (200 Hz),sugar,4,0.1,data/results/nature_2026_05/round_01/brian2cpp_t0.1s_n4.parquet,6008,357,success,2026-05-22 14:15:54,1,time_ms,ms
nature_2026_05,1,Brian2 (CPU),brian2cpp,Sugar GRNs (200 Hz),sugar,4,1.0,data/results/nature_2026_05/round_01/brian2cpp_t1.0s_n4.parquet,67813,430,success,2026-05-22 14:16:02,1,time_ms,ms
nature_2026_05,1,Brian2 (CPU),brian2cpp,Sugar GRNs (200 Hz),sugar,4,10.0,data/results/nature_2026_05/round_01/brian2cpp_t10.0s_n4.parquet,683353,446,success,2026-05-22 14:16:53,1,time_ms,ms
nature_2026_05,1,Brian2 (CPU),brian2cpp,Sugar GRNs (200 Hz),sugar,4,100.0,data/results/nature_2026_05/round_01/brian2cpp_t100.0s_n4.parquet,6815172,471,success,2026-05-22 14:25:27,1,time_ms,ms
nature_2026_05,1,Brian2 (CPU),brian2cpp,Sugar GRNs (200 Hz),sugar,8,0.1,data/results/nature_2026_05/round_01/brian2cpp_t0.1s_n8.parquet,12349,371,success,2026-05-22 14:25:32,1,time_ms,ms
nature_2026_05,1,Brian2 (CPU),brian2cpp,Sugar GRNs (200 Hz),sugar,8,1.0,data/results/nature_2026_05/round_01/brian2cpp_t1.0s_n8.parquet,134226,433,success,2026-05-22 14:25:47,1,time_ms,ms
nature_2026_05,1,Brian2 (CPU),brian2cpp,Sugar GRNs (200 Hz),sugar,8,10.0,data/results/nature_2026_05/round_01/brian2cpp_t10.0s_n8.parquet,1362699,450,success,2026-05-22 14:27:08,1,time_ms,ms
nature_2026_05,1,Brian2 (CPU),brian2cpp,Sugar GRNs (200 Hz),sugar,8,100.0,data/results/nature_2026_05/round_01/brian2cpp_t100.0s_n8.parquet,13656692,473,success,2026-05-22 14:40:39,1,time_ms,ms
nature_2026_05,1,Brian2 (CPU),brian2cpp,Sugar GRNs (200 Hz),sugar,16,0.1,data/results/nature_2026_05/round_01/brian2cpp_t0.1s_n16.parquet,24506,388,success,2026-05-22 14:40:48,1,time_ms,ms
nature_2026_05,1,Brian2 (CPU),brian2cpp,Sugar GRNs (200 Hz),sugar,16,1.0,data/results/nature_2026_05/round_01/brian2cpp_t1.0s_n16.parquet,270595,443,success,2026-05-22 14:41:14,1,time_ms,ms
nature_2026_05,1,Brian2 (CPU),brian2cpp,Sugar GRNs (200 Hz),sugar,16,10.0,data/results/nature_2026_05/round_01/brian2cpp_t10.0s_n16.parquet,2730441,458,success,2026-05-22 14:44:51,1,time_ms,ms
nature_2026_05,1,Brian2 (CPU),brian2cpp,Sugar GRNs (200 Hz),sugar,16,100.0,data/results/nature_2026_05/round_01/brian2cpp_t100.0s_n16.parquet,27298882,488,success,2026-05-22 15:17:33,1,time_ms,ms
nature_2026_05,1,Brian2 (CPU),brian2cpp,Sugar GRNs (200 Hz),sugar,32,0.1,data/results/nature_2026_05/round_01/brian2cpp_t0.1s_n32.parquet,49013,421,success,2026-05-22 15:18:00,1,time_ms,ms
nature_2026_05,1,Brian2 (CPU),brian2cpp,Sugar GRNs (200 Hz),sugar,32,1.0,data/results/nature_2026_05/round_01/brian2cpp_t1.0s_n32.parquet,541136,447,success,2026-05-22 15:19:06,1,time_ms,ms
nature_2026_05,1,Brian2 (CPU),brian2cpp,Sugar GRNs (200 Hz),sugar,32,10.0,data/results/nature_2026_05/round_01/brian2cpp_t10.0s_n32.parquet,5460985,472,success,2026-05-22 15:26:02,1,time_ms,ms
nature_2026_05,1,Brian2 (CPU),brian2cpp,Sugar GRNs (200 Hz),sugar,32,100.0,data/results/nature_2026_05/round_01/brian2cpp_t100.0s_n32.parquet,54594602,497,success,2026-05-22 16:30:28,1,time_ms,ms
nature_2026_05,1,Brian2CUDA (GPU),brian2cuda,Sugar GRNs (200 Hz),sugar,1,0.1,data/results/nature_2026_05/round_01/brian2cuda_t0.1s_n1.parquet,1545,345,success,2026-05-22 16:30:56,1,time_ms,ms
nature_2026_05,1,Brian2CUDA (GPU),brian2cuda,Sugar GRNs (200 Hz),sugar,1,1.0,data/results/nature_2026_05/round_01/brian2cuda_t1.0s_n1.parquet,16418,405,success,2026-05-22 16:31:25,1,time_ms,ms
nature_2026_05,1,Brian2CUDA (GPU),brian2cuda,Sugar GRNs (200 Hz),sugar,1,10.0,data/results/nature_2026_05/round_01/brian2cuda_t10.0s_n1.parquet,169226,439,success,2026-05-22 16:32:23,1,time_ms,ms
nature_2026_05,1,Brian2CUDA (GPU),brian2cuda,Sugar GRNs (200 Hz),sugar,1,100.0,data/results/nature_2026_05/round_01/brian2cuda_t100.0s_n1.parquet,1701752,449,success,2026-05-22 16:38:18,1,time_ms,ms
nature_2026_05,1,Brian2CUDA (GPU),brian2cuda,Sugar GRNs (200 Hz),sugar,4,0.1,data/results/nature_2026_05/round_01/brian2cuda_t0.1s_n4.parquet,6043,377,success,2026-05-22 16:39:10,1,time_ms,ms
nature_2026_05,1,Brian2CUDA (GPU),brian2cuda,Sugar GRNs (200 Hz),sugar,4,1.0,data/results/nature_2026_05/round_01/brian2cuda_t1.0s_n4.parquet,68142,429,success,2026-05-22 16:40:14,1,time_ms,ms
nature_2026_05,1,Brian2CUDA (GPU),brian2cuda,Sugar GRNs (200 Hz),sugar,4,10.0,data/results/nature_2026_05/round_01/brian2cuda_t10.0s_n4.parquet,680144,447,success,2026-05-22 16:43:15,1,time_ms,ms
nature_2026_05,1,Brian2CUDA (GPU),brian2cuda,Sugar GRNs (200 Hz),sugar,4,100.0,data/results/nature_2026_05/round_01/brian2cuda_t100.0s_n4.parquet,6834702,471,success,2026-05-22 17:05:52,1,time_ms,ms
nature_2026_05,1,Brian2CUDA (GPU),brian2cuda,Sugar GRNs (200 Hz),sugar,8,0.1,data/results/nature_2026_05/round_01/brian2cuda_t0.1s_n8.parquet,11891,386,success,2026-05-22 17:07:17,1,time_ms,ms
nature_2026_05,1,Brian2CUDA (GPU),brian2cuda,Sugar GRNs (200 Hz),sugar,8,1.0,data/results/nature_2026_05/round_01/brian2cuda_t1.0s_n8.parquet,135898,432,success,2026-05-22 17:09:06,1,time_ms,ms
nature_2026_05,1,Brian2CUDA (GPU),brian2cuda,Sugar GRNs (200 Hz),sugar,8,10.0,data/results/nature_2026_05/round_01/brian2cuda_t10.0s_n8.parquet,1361174,453,success,2026-05-22 17:14:46,1,time_ms,ms
nature_2026_05,1,Brian2CUDA (GPU),brian2cuda,Sugar GRNs (200 Hz),sugar,8,100.0,data/results/nature_2026_05/round_01/brian2cuda_t100.0s_n8.parquet,13650553,486,success,2026-05-22 17:59:34,1,time_ms,ms
nature_2026_05,1,Brian2CUDA (GPU),brian2cuda,Sugar GRNs (200 Hz),sugar,16,0.1,data/results/nature_2026_05/round_01/brian2cuda_t0.1s_n16.parquet,24230,383,success,2026-05-22 18:02:05,1,time_ms,ms
nature_2026_05,1,Brian2CUDA (GPU),brian2cuda,Sugar GRNs (200 Hz),sugar,16,1.0,data/results/nature_2026_05/round_01/brian2cuda_t1.0s_n16.parquet,271197,436,success,2026-05-22 18:05:24,1,time_ms,ms
nature_2026_05,1,Brian2CUDA (GPU),brian2cuda,Sugar GRNs (200 Hz),sugar,16,10.0,data/results/nature_2026_05/round_01/brian2cuda_t10.0s_n16.parquet,2726397,458,success,2026-05-22 18:16:27,1,time_ms,ms
nature_2026_05,1,Brian2CUDA (GPU),brian2cuda,Sugar GRNs (200 Hz),sugar,16,100.0,data/results/nature_2026_05/round_01/brian2cuda_t100.0s_n16.parquet,27300546,492,success,2026-05-22 19:45:45,1,time_ms,ms
nature_2026_05,1,Brian2CUDA (GPU),brian2cuda,Sugar GRNs (200 Hz),sugar,32,0.1,data/results/nature_2026_05/round_01/brian2cuda_t0.1s_n32.parquet,50361,412,success,2026-05-22 19:50:32,1,time_ms,ms
nature_2026_05,1,Brian2CUDA (GPU),brian2cuda,Sugar GRNs (200 Hz),sugar,32,1.0,data/results/nature_2026_05/round_01/brian2cuda_t1.0s_n32.parquet,539390,454,success,2026-05-22 19:56:55,1,time_ms,ms
nature_2026_05,1,Brian2CUDA (GPU),brian2cuda,Sugar GRNs (200 Hz),sugar,32,10.0,data/results/nature_2026_05/round_01/brian2cuda_t10.0s_n32.parquet,5461723,467,success,2026-05-22 20:18:51,1,time_ms,ms
nature_2026_05,1,Brian2CUDA (GPU),brian2cuda,Sugar GRNs (200 Hz),sugar,32,100.0,data/results/nature_2026_05/round_01/brian2cuda_t100.0s_n32.parquet,54594863,494,success,2026-05-22 23:24:36,1,time_ms,ms
nature_2026_05,1,NEST GPU,nestgpu,Sugar GRNs (200 Hz),sugar,1,0.1,data/results/nature_2026_05/round_01/nestgpu_t0.1s_n1.parquet,1472,338,success,2026-05-22 23:24:42,1,time_ms,ms
nature_2026_05,1,NEST GPU,nestgpu,Sugar GRNs (200 Hz),sugar,1,1.0,data/results/nature_2026_05/round_01/nestgpu_t1.0s_n1.parquet,17233,412,success,2026-05-22 23:24:49,1,time_ms,ms
nature_2026_05,1,NEST GPU,nestgpu,Sugar GRNs (200 Hz),sugar,1,10.0,data/results/nature_2026_05/round_01/nestgpu_t10.0s_n1.parquet,172561,433,success,2026-05-22 23:25:05,1,time_ms,ms
nature_2026_05,1,NEST GPU,nestgpu,Sugar GRNs (200 Hz),sugar,1,100.0,data/results/nature_2026_05/round_01/nestgpu_t100.0s_n1.parquet,1626102,456,success,2026-05-22 23:26:59,1,time_ms,ms
nature_2026_05,1,NEST GPU,nestgpu,Sugar GRNs (200 Hz),sugar,4,0.1,data/results/nature_2026_05/round_01/nestgpu_t0.1s_n4.parquet,5888,338,success,2026-05-22 23:27:18,1,time_ms,ms
nature_2026_05,1,NEST GPU,nestgpu,Sugar GRNs (200 Hz),sugar,4,1.0,data/results/nature_2026_05/round_01/nestgpu_t1.0s_n4.parquet,68932,412,success,2026-05-22 23:27:43,1,time_ms,ms
nature_2026_05,1,NEST GPU,nestgpu,Sugar GRNs (200 Hz),sugar,4,10.0,data/results/nature_2026_05/round_01/nestgpu_t10.0s_n4.parquet,690244,433,success,2026-05-22 23:28:51,1,time_ms,ms
nature_2026_05,1,NEST GPU,nestgpu,Sugar GRNs (200 Hz),sugar,4,100.0,data/results/nature_2026_05/round_01/nestgpu_t100.0s_n4.parquet,6504408,456,success,2026-05-22 23:37:12,1,time_ms,ms
nature_2026_05,1,NEST GPU,nestgpu,Sugar GRNs (200 Hz),sugar,8,0.1,data/results/nature_2026_05/round_01/nestgpu_t0.1s_n8.parquet,11776,338,success,2026-05-22 23:37:54,1,time_ms,ms
nature_2026_05,1,NEST GPU,nestgpu,Sugar GRNs (200 Hz),sugar,8,1.0,data/results/nature_2026_05/round_01/nestgpu_t1.0s_n8.parquet,137864,412,success,2026-05-22 23:38:44,1,time_ms,ms
nature_2026_05,1,NEST GPU,nestgpu,Sugar GRNs (200 Hz),sugar,8,10.0,data/results/nature_2026_05/round_01/nestgpu_t10.0s_n8.parquet,1380488,433,success,2026-05-22 23:40:53,1,time_ms,ms
nature_2026_05,1,NEST GPU,nestgpu,Sugar GRNs (200 Hz),sugar,8,100.0,data/results/nature_2026_05/round_01/nestgpu_t100.0s_n8.parquet,13008816,456,success,2026-05-22 23:56:11,1,time_ms,ms
nature_2026_05,1,NEST GPU,nestgpu,Sugar GRNs (200 Hz),sugar,16,0.1,data/results/nature_2026_05/round_01/nestgpu_t0.1s_n16.parquet,23552,338,success,2026-05-22 23:57:30,1,time_ms,ms
nature_2026_05,1,NEST GPU,nestgpu,Sugar GRNs (200 Hz),sugar,16,1.0,data/results/nature_2026_05/round_01/nestgpu_t1.0s_n16.parquet,275728,412,success,2026-05-22 23:59:09,1,time_ms,ms
nature_2026_05,1,NEST GPU,nestgpu,Sugar GRNs (200 Hz),sugar,16,10.0,data/results/nature_2026_05/round_01/nestgpu_t10.0s_n16.parquet,2760976,433,success,2026-05-23 00:03:05,1,time_ms,ms
nature_2026_05,1,NEST GPU,nestgpu,Sugar GRNs (200 Hz),sugar,16,100.0,data/results/nature_2026_05/round_01/nestgpu_t100.0s_n16.parquet,26017632,456,success,2026-05-23 00:33:54,1,time_ms,ms
nature_2026_05,1,NEST GPU,nestgpu,Sugar GRNs (200 Hz),sugar,32,0.1,data/results/nature_2026_05/round_01/nestgpu_t0.1s_n32.parquet,47104,338,success,2026-05-23 00:36:33,1,time_ms,ms
nature_2026_05,1,NEST GPU,nestgpu,Sugar GRNs (200 Hz),sugar,32,1.0,data/results/nature_2026_05/round_01/nestgpu_t1.0s_n32.parquet,551456,412,success,2026-05-23 00:39:47,1,time_ms,ms
nature_2026_05,1,NEST GPU,nestgpu,Sugar GRNs (200 Hz),sugar,32,10.0,data/results/nature_2026_05/round_01/nestgpu_t10.0s_n32.parquet,5521952,433,success,2026-05-23 00:47:37,1,time_ms,ms
nature_2026_05,1,NEST GPU,nestgpu,Sugar GRNs (200 Hz),sugar,32,100.0,data/results/nature_2026_05/round_01/nestgpu_t100.0s_n32.parquet,52035264,456,success,2026-05-23 01:48:08,1,time_ms,ms
nature_2026_05,2,Brian2 (CPU),brian2cpp,Sugar GRNs (200 Hz),sugar,1,0.1,data/results/nature_2026_05/round_02/brian2cpp_t0.1s_n1.parquet,1574,325,success,2026-05-23 01:48:12,1,time_ms,ms
nature_2026_05,2,Brian2 (CPU),brian2cpp,Sugar GRNs (200 Hz),sugar,1,1.0,data/results/nature_2026_05/round_02/brian2cpp_t1.0s_n1.parquet,17011,397,success,2026-05-23 01:48:19,1,time_ms,ms
nature_2026_05,2,Brian2 (CPU),brian2cpp,Sugar GRNs (200 Hz),sugar,1,10.0,data/results/nature_2026_05/round_02/brian2cpp_t10.0s_n1.parquet,170998,437,success,2026-05-23 01:48:43,1,time_ms,ms
nature_2026_05,2,Brian2 (CPU),brian2cpp,Sugar GRNs (200 Hz),sugar,1,100.0,data/results/nature_2026_05/round_02/brian2cpp_t100.0s_n1.parquet,1706927,459,success,2026-05-23 01:53:22,1,time_ms,ms
nature_2026_05,2,Brian2 (CPU),brian2cpp,Sugar GRNs (200 Hz),sugar,4,0.1,data/results/nature_2026_05/round_02/brian2cpp_t0.1s_n4.parquet,6252,374,success,2026-05-23 01:53:24,1,time_ms,ms
nature_2026_05,2,Brian2 (CPU),brian2cpp,Sugar GRNs (200 Hz),sugar,4,1.0,data/results/nature_2026_05/round_02/brian2cpp_t1.0s_n4.parquet,67036,421,success,2026-05-23 01:53:32,1,time_ms,ms
nature_2026_05,2,Brian2 (CPU),brian2cpp,Sugar GRNs (200 Hz),sugar,4,10.0,data/results/nature_2026_05/round_02/brian2cpp_t10.0s_n4.parquet,681585,447,success,2026-05-23 01:54:18,1,time_ms,ms
nature_2026_05,2,Brian2 (CPU),brian2cpp,Sugar GRNs (200 Hz),sugar,4,100.0,data/results/nature_2026_05/round_02/brian2cpp_t100.0s_n4.parquet,6836569,473,success,2026-05-23 02:02:18,1,time_ms,ms
nature_2026_05,2,Brian2 (CPU),brian2cpp,Sugar GRNs (200 Hz),sugar,8,0.1,data/results/nature_2026_05/round_02/brian2cpp_t0.1s_n8.parquet,12635,389,success,2026-05-23 02:02:23,1,time_ms,ms
nature_2026_05,2,Brian2 (CPU),brian2cpp,Sugar GRNs (200 Hz),sugar,8,1.0,data/results/nature_2026_05/round_02/brian2cpp_t1.0s_n8.parquet,134305,434,success,2026-05-23 02:02:35,1,time_ms,ms
nature_2026_05,2,Brian2 (CPU),brian2cpp,Sugar GRNs (200 Hz),sugar,8,10.0,data/results/nature_2026_05/round_02/brian2cpp_t10.0s_n8.parquet,1365363,450,success,2026-05-23 02:03:50,1,time_ms,ms
nature_2026_05,2,Brian2 (CPU),brian2cpp,Sugar GRNs (200 Hz),sugar,8,100.0,data/results/nature_2026_05/round_02/brian2cpp_t100.0s_n8.parquet,13654654,473,success,2026-05-23 02:15:55,1,time_ms,ms
nature_2026_05,2,Brian2 (CPU),brian2cpp,Sugar GRNs (200 Hz),sugar,16,0.1,data/results/nature_2026_05/round_02/brian2cpp_t0.1s_n16.parquet,24918,406,success,2026-05-23 02:16:04,1,time_ms,ms
nature_2026_05,2,Brian2 (CPU),brian2cpp,Sugar GRNs (200 Hz),sugar,16,1.0,data/results/nature_2026_05/round_02/brian2cpp_t1.0s_n16.parquet,269016,437,success,2026-05-23 02:16:27,1,time_ms,ms
nature_2026_05,2,Brian2 (CPU),brian2cpp,Sugar GRNs (200 Hz),sugar,16,10.0,data/results/nature_2026_05/round_02/brian2cpp_t10.0s_n16.parquet,2730045,467,success,2026-05-23 02:19:49,1,time_ms,ms
nature_2026_05,2,Brian2 (CPU),brian2cpp,Sugar GRNs (200 Hz),sugar,16,100.0,data/results/nature_2026_05/round_02/brian2cpp_t100.0s_n16.parquet,27301735,492,success,2026-05-23 02:50:46,1,time_ms,ms
nature_2026_05,2,Brian2 (CPU),brian2cpp,Sugar GRNs (200 Hz),sugar,32,0.1,data/results/nature_2026_05/round_02/brian2cpp_t0.1s_n32.parquet,49406,394,success,2026-05-23 02:51:07,1,time_ms,ms
nature_2026_05,2,Brian2 (CPU),brian2cpp,Sugar GRNs (200 Hz),sugar,32,1.0,data/results/nature_2026_05/round_02/brian2cpp_t1.0s_n32.parquet,541337,448,success,2026-05-23 02:52:16,1,time_ms,ms
nature_2026_05,2,Brian2 (CPU),brian2cpp,Sugar GRNs (200 Hz),sugar,32,10.0,data/results/nature_2026_05/round_02/brian2cpp_t10.0s_n32.parquet,5460685,470,success,2026-05-23 02:59:16,1,time_ms,ms
nature_2026_05,2,Brian2 (CPU),brian2cpp,Sugar GRNs (200 Hz),sugar,32,100.0,data/results/nature_2026_05/round_02/brian2cpp_t100.0s_n32.parquet,54592169,499,success,2026-05-23 04:04:41,1,time_ms,ms
nature_2026_05,2,Brian2CUDA (GPU),brian2cuda,Sugar GRNs (200 Hz),sugar,1,0.1,data/results/nature_2026_05/round_02/brian2cuda_t0.1s_n1.parquet,1425,322,success,2026-05-23 04:05:10,1,time_ms,ms
nature_2026_05,2,Brian2CUDA (GPU),brian2cuda,Sugar GRNs (200 Hz),sugar,1,1.0,data/results/nature_2026_05/round_02/brian2cuda_t1.0s_n1.parquet,16958,391,success,2026-05-23 04:05:38,1,time_ms,ms
nature_2026_05,2,Brian2CUDA (GPU),brian2cuda,Sugar GRNs (200 Hz),sugar,1,10.0,data/results/nature_2026_05/round_02/brian2cuda_t10.0s_n1.parquet,171063,431,success,2026-05-23 04:06:36,1,time_ms,ms
nature_2026_05,2,Brian2CUDA (GPU),brian2cuda,Sugar GRNs (200 Hz),sugar,1,100.0,data/results/nature_2026_05/round_02/brian2cuda_t100.0s_n1.parquet,1708480,460,success,2026-05-23 04:12:32,1,time_ms,ms
nature_2026_05,2,Brian2CUDA (GPU),brian2cuda,Sugar GRNs (200 Hz),sugar,4,0.1,data/results/nature_2026_05/round_02/brian2cuda_t0.1s_n4.parquet,6251,364,success,2026-05-23 04:13:23,1,time_ms,ms
nature_2026_05,2,Brian2CUDA (GPU),brian2cuda,Sugar GRNs (200 Hz),sugar,4,1.0,data/results/nature_2026_05/round_02/brian2cuda_t1.0s_n4.parquet,68154,427,success,2026-05-23 04:14:28,1,time_ms,ms
nature_2026_05,2,Brian2CUDA (GPU),brian2cuda,Sugar GRNs (200 Hz),sugar,4,10.0,data/results/nature_2026_05/round_02/brian2cuda_t10.0s_n4.parquet,683896,445,success,2026-05-23 04:17:26,1,time_ms,ms
nature_2026_05,2,Brian2CUDA (GPU),brian2cuda,Sugar GRNs (200 Hz),sugar,4,100.0,data/results/nature_2026_05/round_02/brian2cuda_t100.0s_n4.parquet,6826283,481,success,2026-05-23 04:40:06,1,time_ms,ms
nature_2026_05,2,Brian2CUDA (GPU),brian2cuda,Sugar GRNs (200 Hz),sugar,8,0.1,data/results/nature_2026_05/round_02/brian2cuda_t0.1s_n8.parquet,11838,370,success,2026-05-23 04:41:29,1,time_ms,ms
nature_2026_05,2,Brian2CUDA (GPU),brian2cuda,Sugar GRNs (200 Hz),sugar,8,1.0,data/results/nature_2026_05/round_02/brian2cuda_t1.0s_n8.parquet,133735,434,success,2026-05-23 04:43:16,1,time_ms,ms
nature_2026_05,2,Brian2CUDA (GPU),brian2cuda,Sugar GRNs (200 Hz),sugar,8,10.0,data/results/nature_2026_05/round_02/brian2cuda_t10.0s_n8.parquet,1362831,461,success,2026-05-23 04:48:58,1,time_ms,ms
nature_2026_05,2,Brian2CUDA (GPU),brian2cuda,Sugar GRNs (200 Hz),sugar,8,100.0,data/results/nature_2026_05/round_02/brian2cuda_t100.0s_n8.parquet,13661678,477,success,2026-05-23 05:34:07,1,time_ms,ms
nature_2026_05,2,Brian2CUDA (GPU),brian2cuda,Sugar GRNs (200 Hz),sugar,16,0.1,data/results/nature_2026_05/round_02/brian2cuda_t0.1s_n16.parquet,24521,387,success,2026-05-23 05:36:40,1,time_ms,ms
nature_2026_05,2,Brian2CUDA (GPU),brian2cuda,Sugar GRNs (200 Hz),sugar,16,1.0,data/results/nature_2026_05/round_02/brian2cuda_t1.0s_n16.parquet,271861,442,success,2026-05-23 05:39:59,1,time_ms,ms
nature_2026_05,2,Brian2CUDA (GPU),brian2cuda,Sugar GRNs (200 Hz),sugar,16,10.0,data/results/nature_2026_05/round_02/brian2cuda_t10.0s_n16.parquet,2725057,459,success,2026-05-23 05:51:04,1,time_ms,ms
nature_2026_05,2,Brian2CUDA (GPU),brian2cuda,Sugar GRNs (200 Hz),sugar,16,100.0,data/results/nature_2026_05/round_02/brian2cuda_t100.0s_n16.parquet,27300588,487,success,2026-05-23 07:21:16,1,time_ms,ms
nature_2026_05,2,Brian2CUDA (GPU),brian2cuda,Sugar GRNs (200 Hz),sugar,32,0.1,data/results/nature_2026_05/round_02/brian2cuda_t0.1s_n32.parquet,49097,394,success,2026-05-23 07:26:14,1,time_ms,ms
nature_2026_05,2,Brian2CUDA (GPU),brian2cuda,Sugar GRNs (200 Hz),sugar,32,1.0,data/results/nature_2026_05/round_02/brian2cuda_t1.0s_n32.parquet,543806,444,success,2026-05-23 07:32:46,1,time_ms,ms
nature_2026_05,2,Brian2CUDA (GPU),brian2cuda,Sugar GRNs (200 Hz),sugar,32,10.0,data/results/nature_2026_05/round_02/brian2cuda_t10.0s_n32.parquet,5461415,485,success,2026-05-23 07:55:41,1,time_ms,ms
nature_2026_05,2,Brian2CUDA (GPU),brian2cuda,Sugar GRNs (200 Hz),sugar,32,100.0,data/results/nature_2026_05/round_02/brian2cuda_t100.0s_n32.parquet,54613477,495,success,2026-05-23 10:59:19,1,time_ms,ms
nature_2026_05,2,NEST GPU,nestgpu,Sugar GRNs (200 Hz),sugar,1,0.1,data/results/nature_2026_05/round_02/nestgpu_t0.1s_n1.parquet,1472,338,success,2026-05-23 10:59:26,1,time_ms,ms
nature_2026_05,2,NEST GPU,nestgpu,Sugar GRNs (200 Hz),sugar,1,1.0,data/results/nature_2026_05/round_02/nestgpu_t1.0s_n1.parquet,17233,412,success,2026-05-23 10:59:30,1,time_ms,ms
nature_2026_05,2,NEST GPU,nestgpu,Sugar GRNs (200 Hz),sugar,1,10.0,data/results/nature_2026_05/round_02/nestgpu_t10.0s_n1.parquet,172561,433,success,2026-05-23 10:59:46,1,time_ms,ms
nature_2026_05,2,NEST GPU,nestgpu,Sugar GRNs (200 Hz),sugar,1,100.0,data/results/nature_2026_05/round_02/nestgpu_t100.0s_n1.parquet,1626102,456,success,2026-05-23 11:01:46,1,time_ms,ms
nature_2026_05,2,NEST GPU,nestgpu,Sugar GRNs (200 Hz),sugar,4,0.1,data/results/nature_2026_05/round_02/nestgpu_t0.1s_n4.parquet,5888,338,success,2026-05-23 11:02:05,1,time_ms,ms
nature_2026_05,2,NEST GPU,nestgpu,Sugar GRNs (200 Hz),sugar,4,1.0,data/results/nature_2026_05/round_02/nestgpu_t1.0s_n4.parquet,68932,412,success,2026-05-23 11:02:29,1,time_ms,ms
nature_2026_05,2,NEST GPU,nestgpu,Sugar GRNs (200 Hz),sugar,4,10.0,data/results/nature_2026_05/round_02/nestgpu_t10.0s_n4.parquet,690244,433,success,2026-05-23 11:03:31,1,time_ms,ms
nature_2026_05,2,NEST GPU,nestgpu,Sugar GRNs (200 Hz),sugar,4,100.0,data/results/nature_2026_05/round_02/nestgpu_t100.0s_n4.parquet,6504408,456,success,2026-05-23 11:11:07,1,time_ms,ms
nature_2026_05,2,NEST GPU,nestgpu,Sugar GRNs (200 Hz),sugar,8,0.1,data/results/nature_2026_05/round_02/nestgpu_t0.1s_n8.parquet,11776,338,success,2026-05-23 11:11:45,1,time_ms,ms
nature_2026_05,2,NEST GPU,nestgpu,Sugar GRNs (200 Hz),sugar,8,1.0,data/results/nature_2026_05/round_02/nestgpu_t1.0s_n8.parquet,137864,412,success,2026-05-23 11:12:36,1,time_ms,ms
nature_2026_05,2,NEST GPU,nestgpu,Sugar GRNs (200 Hz),sugar,8,10.0,data/results/nature_2026_05/round_02/nestgpu_t10.0s_n8.parquet,1380488,433,success,2026-05-23 11:14:37,1,time_ms,ms
nature_2026_05,2,NEST GPU,nestgpu,Sugar GRNs (200 Hz),sugar,8,100.0,data/results/nature_2026_05/round_02/nestgpu_t100.0s_n8.parquet,13008816,456,success,2026-05-23 11:29:12,1,time_ms,ms
nature_2026_05,2,NEST GPU,nestgpu,Sugar GRNs (200 Hz),sugar,16,0.1,data/results/nature_2026_05/round_02/nestgpu_t0.1s_n16.parquet,23552,338,success,2026-05-23 11:30:31,1,time_ms,ms
nature_2026_05,2,NEST GPU,nestgpu,Sugar GRNs (200 Hz),sugar,16,1.0,data/results/nature_2026_05/round_02/nestgpu_t1.0s_n16.parquet,275728,412,success,2026-05-23 11:32:12,1,time_ms,ms
nature_2026_05,2,NEST GPU,nestgpu,Sugar GRNs (200 Hz),sugar,16,10.0,data/results/nature_2026_05/round_02/nestgpu_t10.0s_n16.parquet,2760976,433,success,2026-05-23 11:36:26,1,time_ms,ms
nature_2026_05,2,NEST GPU,nestgpu,Sugar GRNs (200 Hz),sugar,16,100.0,data/results/nature_2026_05/round_02/nestgpu_t100.0s_n16.parquet,26017632,456,success,2026-05-23 12:05:34,1,time_ms,ms
nature_2026_05,2,NEST GPU,nestgpu,Sugar GRNs (200 Hz),sugar,32,0.1,data/results/nature_2026_05/round_02/nestgpu_t0.1s_n32.parquet,47104,338,success,2026-05-23 12:08:16,1,time_ms,ms
nature_2026_05,2,NEST GPU,nestgpu,Sugar GRNs (200 Hz),sugar,32,1.0,data/results/nature_2026_05/round_02/nestgpu_t1.0s_n32.parquet,551456,412,success,2026-05-23 12:11:35,1,time_ms,ms
nature_2026_05,2,NEST GPU,nestgpu,Sugar GRNs (200 Hz),sugar,32,10.0,data/results/nature_2026_05/round_02/nestgpu_t10.0s_n32.parquet,5521952,433,success,2026-05-23 12:19:56,1,time_ms,ms
nature_2026_05,2,NEST GPU,nestgpu,Sugar GRNs (200 Hz),sugar,32,100.0,data/results/nature_2026_05/round_02/nestgpu_t100.0s_n32.parquet,52035264,456,success,2026-05-23 13:18:01,1,time_ms,ms
nature_2026_05,3,Brian2 (CPU),brian2cpp,Sugar GRNs (200 Hz),sugar,1,0.1,data/results/nature_2026_05/round_03/brian2cpp_t0.1s_n1.parquet,1565,334,success,2026-05-23 13:18:05,1,time_ms,ms
nature_2026_05,3,Brian2 (CPU),brian2cpp,Sugar GRNs (200 Hz),sugar,1,1.0,data/results/nature_2026_05/round_03/brian2cpp_t1.0s_n1.parquet,17021,387,success,2026-05-23 13:18:12,1,time_ms,ms
nature_2026_05,3,Brian2 (CPU),brian2cpp,Sugar GRNs (200 Hz),sugar,1,10.0,data/results/nature_2026_05/round_03/brian2cpp_t10.0s_n1.parquet,171006,433,success,2026-05-23 13:18:36,1,time_ms,ms
nature_2026_05,3,Brian2 (CPU),brian2cpp,Sugar GRNs (200 Hz),sugar,1,100.0,data/results/nature_2026_05/round_03/brian2cpp_t100.0s_n1.parquet,1704969,452,success,2026-05-23 13:22:50,1,time_ms,ms
nature_2026_05,3,Brian2 (CPU),brian2cpp,Sugar GRNs (200 Hz),sugar,4,0.1,data/results/nature_2026_05/round_03/brian2cpp_t0.1s_n4.parquet,6214,367,success,2026-05-23 13:22:52,1,time_ms,ms
nature_2026_05,3,Brian2 (CPU),brian2cpp,Sugar GRNs (200 Hz),sugar,4,1.0,data/results/nature_2026_05/round_03/brian2cpp_t1.0s_n4.parquet,67645,430,success,2026-05-23 13:23:01,1,time_ms,ms
nature_2026_05,3,Brian2 (CPU),brian2cpp,Sugar GRNs (200 Hz),sugar,4,10.0,data/results/nature_2026_05/round_03/brian2cpp_t10.0s_n4.parquet,681036,446,success,2026-05-23 13:23:50,1,time_ms,ms
nature_2026_05,3,Brian2 (CPU),brian2cpp,Sugar GRNs (200 Hz),sugar,4,100.0,data/results/nature_2026_05/round_03/brian2cpp_t100.0s_n4.parquet,6830889,479,success,2026-05-23 13:31:47,1,time_ms,ms
nature_2026_05,3,Brian2 (CPU),brian2cpp,Sugar GRNs (200 Hz),sugar,8,0.1,data/results/nature_2026_05/round_03/brian2cpp_t0.1s_n8.parquet,12217,372,success,2026-05-23 13:31:52,1,time_ms,ms
nature_2026_05,3,Brian2 (CPU),brian2cpp,Sugar GRNs (200 Hz),sugar,8,1.0,data/results/nature_2026_05/round_03/brian2cpp_t1.0s_n8.parquet,134161,433,success,2026-05-23 13:32:06,1,time_ms,ms
nature_2026_05,3,Brian2 (CPU),brian2cpp,Sugar GRNs (200 Hz),sugar,8,10.0,data/results/nature_2026_05/round_03/brian2cpp_t10.0s_n8.parquet,1364287,460,success,2026-05-23 13:33:22,1,time_ms,ms
nature_2026_05,3,Brian2 (CPU),brian2cpp,Sugar GRNs (200 Hz),sugar,8,100.0,data/results/nature_2026_05/round_03/brian2cpp_t100.0s_n8.parquet,13655219,480,success,2026-05-23 13:45:36,1,time_ms,ms
nature_2026_05,3,Brian2 (CPU),brian2cpp,Sugar GRNs (200 Hz),sugar,16,0.1,data/results/nature_2026_05/round_03/brian2cpp_t0.1s_n16.parquet,24706,391,success,2026-05-23 13:45:45,1,time_ms,ms
nature_2026_05,3,Brian2 (CPU),brian2cpp,Sugar GRNs (200 Hz),sugar,16,1.0,data/results/nature_2026_05/round_03/brian2cpp_t1.0s_n16.parquet,270617,441,success,2026-05-23 13:46:09,1,time_ms,ms
nature_2026_05,3,Brian2 (CPU),brian2cpp,Sugar GRNs (200 Hz),sugar,16,10.0,data/results/nature_2026_05/round_03/brian2cpp_t10.0s_n16.parquet,2731961,457,success,2026-05-23 13:49:18,1,time_ms,ms
nature_2026_05,3,Brian2 (CPU),brian2cpp,Sugar GRNs (200 Hz),sugar,16,100.0,data/results/nature_2026_05/round_03/brian2cpp_t100.0s_n16.parquet,27290129,510,success,2026-05-23 14:29:06,1,time_ms,ms
nature_2026_05,3,Brian2 (CPU),brian2cpp,Sugar GRNs (200 Hz),sugar,32,0.1,data/results/nature_2026_05/round_03/brian2cpp_t0.1s_n32.parquet,48913,396,success,2026-05-23 14:29:31,1,time_ms,ms
nature_2026_05,3,Brian2 (CPU),brian2cpp,Sugar GRNs (200 Hz),sugar,32,1.0,data/results/nature_2026_05/round_03/brian2cpp_t1.0s_n32.parquet,540017,449,success,2026-05-23 14:30:47,1,time_ms,ms
nature_2026_05,3,Brian2 (CPU),brian2cpp,Sugar GRNs (200 Hz),sugar,32,10.0,data/results/nature_2026_05/round_03/brian2cpp_t10.0s_n32.parquet,5460320,476,success,2026-05-23 14:37:33,1,time_ms,ms
nature_2026_05,3,Brian2 (CPU),brian2cpp,Sugar GRNs (200 Hz),sugar,32,100.0,data/results/nature_2026_05/round_03/brian2cpp_t100.0s_n32.parquet,54611641,519,success,2026-05-23 15:41:12,1,time_ms,ms
nature_2026_05,3,Brian2CUDA (GPU),brian2cuda,Sugar GRNs (200 Hz),sugar,1,0.1,data/results/nature_2026_05/round_03/brian2cuda_t0.1s_n1.parquet,1564,320,success,2026-05-23 15:41:41,1,time_ms,ms
nature_2026_05,3,Brian2CUDA (GPU),brian2cuda,Sugar GRNs (200 Hz),sugar,1,1.0,data/results/nature_2026_05/round_03/brian2cuda_t1.0s_n1.parquet,16650,416,success,2026-05-23 15:42:10,1,time_ms,ms
nature_2026_05,3,Brian2CUDA (GPU),brian2cuda,Sugar GRNs (200 Hz),sugar,1,10.0,data/results/nature_2026_05/round_03/brian2cuda_t10.0s_n1.parquet,170382,435,success,2026-05-23 15:43:09,1,time_ms,ms
nature_2026_05,3,Brian2CUDA (GPU),brian2cuda,Sugar GRNs (200 Hz),sugar,1,100.0,data/results/nature_2026_05/round_03/brian2cuda_t100.0s_n1.parquet,1704742,461,success,2026-05-23 15:49:00,1,time_ms,ms
nature_2026_05,3,Brian2CUDA (GPU),brian2cuda,Sugar GRNs (200 Hz),sugar,4,0.1,data/results/nature_2026_05/round_03/brian2cuda_t0.1s_n4.parquet,6030,339,success,2026-05-23 15:49:56,1,time_ms,ms
nature_2026_05,3,Brian2CUDA (GPU),brian2cuda,Sugar GRNs (200 Hz),sugar,4,1.0,data/results/nature_2026_05/round_03/brian2cuda_t1.0s_n4.parquet,67381,428,success,2026-05-23 15:50:59,1,time_ms,ms
nature_2026_05,3,Brian2CUDA (GPU),brian2cuda,Sugar GRNs (200 Hz),sugar,4,10.0,data/results/nature_2026_05/round_03/brian2cuda_t10.0s_n4.parquet,678725,447,success,2026-05-23 15:53:54,1,time_ms,ms
nature_2026_05,3,Brian2CUDA (GPU),brian2cuda,Sugar GRNs (200 Hz),sugar,4,100.0,data/results/nature_2026_05/round_03/brian2cuda_t100.0s_n4.parquet,6828278,471,success,2026-05-23 16:16:26,1,time_ms,ms
nature_2026_05,3,Brian2CUDA (GPU),brian2cuda,Sugar GRNs (200 Hz),sugar,8,0.1,data/results/nature_2026_05/round_03/brian2cuda_t0.1s_n8.parquet,12527,370,success,2026-05-23 16:17:51,1,time_ms,ms
nature_2026_05,3,Brian2CUDA (GPU),brian2cuda,Sugar GRNs (200 Hz),sugar,8,1.0,data/results/nature_2026_05/round_03/brian2cuda_t1.0s_n8.parquet,135984,436,success,2026-05-23 16:19:41,1,time_ms,ms
nature_2026_05,3,Brian2CUDA (GPU),brian2cuda,Sugar GRNs (200 Hz),sugar,8,10.0,data/results/nature_2026_05/round_03/brian2cuda_t10.0s_n8.parquet,1362814,449,success,2026-05-23 16:25:19,1,time_ms,ms
nature_2026_05,3,Brian2CUDA (GPU),brian2cuda,Sugar GRNs (200 Hz),sugar,8,100.0,data/results/nature_2026_05/round_03/brian2cuda_t100.0s_n8.parquet,13660621,483,success,2026-05-23 17:10:11,1,time_ms,ms
nature_2026_05,3,Brian2CUDA (GPU),brian2cuda,Sugar GRNs (200 Hz),sugar,16,0.1,data/results/nature_2026_05/round_03/brian2cuda_t0.1s_n16.parquet,25446,386,success,2026-05-23 17:12:44,1,time_ms,ms
nature_2026_05,3,Brian2CUDA (GPU),brian2cuda,Sugar GRNs (200 Hz),sugar,16,1.0,data/results/nature_2026_05/round_03/brian2cuda_t1.0s_n16.parquet,271501,443,success,2026-05-23 17:16:03,1,time_ms,ms
nature_2026_05,3,Brian2CUDA (GPU),brian2cuda,Sugar GRNs (200 Hz),sugar,16,10.0,data/results/nature_2026_05/round_03/brian2cuda_t10.0s_n16.parquet,2724896,454,success,2026-05-23 17:27:17,1,time_ms,ms
nature_2026_05,3,Brian2CUDA (GPU),brian2cuda,Sugar GRNs (200 Hz),sugar,16,100.0,data/results/nature_2026_05/round_03/brian2cuda_t100.0s_n16.parquet,27303819,486,success,2026-05-23 19:01:11,1,time_ms,ms
nature_2026_05,3,Brian2CUDA (GPU),brian2cuda,Sugar GRNs (200 Hz),sugar,32,0.1,data/results/nature_2026_05/round_03/brian2cuda_t0.1s_n32.parquet,49169,422,success,2026-05-23 19:07:00,1,time_ms,ms
nature_2026_05,3,Brian2CUDA (GPU),brian2cuda,Sugar GRNs (200 Hz),sugar,32,1.0,data/results/nature_2026_05/round_03/brian2cuda_t1.0s_n32.parquet,540662,447,success,2026-05-23 19:14:26,1,time_ms,ms
nature_2026_05,3,Brian2CUDA (GPU),brian2cuda,Sugar GRNs (200 Hz),sugar,32,10.0,data/results/nature_2026_05/round_03/brian2cuda_t10.0s_n32.parquet,5456756,474,success,2026-05-23 19:36:58,1,time_ms,ms
nature_2026_05,3,Brian2CUDA (GPU),brian2cuda,Sugar GRNs (200 Hz),sugar,32,100.0,data/results/nature_2026_05/round_03/brian2cuda_t100.0s_n32.parquet,54602249,495,success,2026-05-23 22:46:23,1,time_ms,ms
nature_2026_05,3,NEST GPU,nestgpu,Sugar GRNs (200 Hz),sugar,1,0.1,data/results/nature_2026_05/round_03/nestgpu_t0.1s_n1.parquet,1472,338,success,2026-05-23 22:46:30,1,time_ms,ms
nature_2026_05,3,NEST GPU,nestgpu,Sugar GRNs (200 Hz),sugar,1,1.0,data/results/nature_2026_05/round_03/nestgpu_t1.0s_n1.parquet,17233,412,success,2026-05-23 22:46:34,1,time_ms,ms
nature_2026_05,3,NEST GPU,nestgpu,Sugar GRNs (200 Hz),sugar,1,10.0,data/results/nature_2026_05/round_03/nestgpu_t10.0s_n1.parquet,172561,433,success,2026-05-23 22:46:52,1,time_ms,ms
nature_2026_05,3,NEST GPU,nestgpu,Sugar GRNs (200 Hz),sugar,1,100.0,data/results/nature_2026_05/round_03/nestgpu_t100.0s_n1.parquet,1626102,456,success,2026-05-23 22:48:47,1,time_ms,ms
nature_2026_05,3,NEST GPU,nestgpu,Sugar GRNs (200 Hz),sugar,4,0.1,data/results/nature_2026_05/round_03/nestgpu_t0.1s_n4.parquet,5888,338,success,2026-05-23 22:49:06,1,time_ms,ms
nature_2026_05,3,NEST GPU,nestgpu,Sugar GRNs (200 Hz),sugar,4,1.0,data/results/nature_2026_05/round_03/nestgpu_t1.0s_n4.parquet,68932,412,success,2026-05-23 22:49:31,1,time_ms,ms
nature_2026_05,3,NEST GPU,nestgpu,Sugar GRNs (200 Hz),sugar,4,10.0,data/results/nature_2026_05/round_03/nestgpu_t10.0s_n4.parquet,690244,433,success,2026-05-23 22:50:36,1,time_ms,ms
nature_2026_05,3,NEST GPU,nestgpu,Sugar GRNs (200 Hz),sugar,4,100.0,data/results/nature_2026_05/round_03/nestgpu_t100.0s_n4.parquet,6504408,456,success,2026-05-23 22:58:26,1,time_ms,ms
nature_2026_05,3,NEST GPU,nestgpu,Sugar GRNs (200 Hz),sugar,8,0.1,data/results/nature_2026_05/round_03/nestgpu_t0.1s_n8.parquet,11776,338,success,2026-05-23 22:59:07,1,time_ms,ms
nature_2026_05,3,NEST GPU,nestgpu,Sugar GRNs (200 Hz),sugar,8,1.0,data/results/nature_2026_05/round_03/nestgpu_t1.0s_n8.parquet,137864,412,success,2026-05-23 22:59:56,1,time_ms,ms
nature_2026_05,3,NEST GPU,nestgpu,Sugar GRNs (200 Hz),sugar,8,10.0,data/results/nature_2026_05/round_03/nestgpu_t10.0s_n8.parquet,1380488,433,success,2026-05-23 23:02:02,1,time_ms,ms
nature_2026_05,3,NEST GPU,nestgpu,Sugar GRNs (200 Hz),sugar,8,100.0,data/results/nature_2026_05/round_03/nestgpu_t100.0s_n8.parquet,13008816,456,success,2026-05-23 23:17:21,1,time_ms,ms
nature_2026_05,3,NEST GPU,nestgpu,Sugar GRNs (200 Hz),sugar,16,0.1,data/results/nature_2026_05/round_03/nestgpu_t0.1s_n16.parquet,23552,338,success,2026-05-23 23:18:45,1,time_ms,ms
nature_2026_05,3,NEST GPU,nestgpu,Sugar GRNs (200 Hz),sugar,16,1.0,data/results/nature_2026_05/round_03/nestgpu_t1.0s_n16.parquet,275728,412,success,2026-05-23 23:20:22,1,time_ms,ms
nature_2026_05,3,NEST GPU,nestgpu,Sugar GRNs (200 Hz),sugar,16,10.0,data/results/nature_2026_05/round_03/nestgpu_t10.0s_n16.parquet,2760976,433,success,2026-05-23 23:24:25,1,time_ms,ms
nature_2026_05,3,NEST GPU,nestgpu,Sugar GRNs (200 Hz),sugar,16,100.0,data/results/nature_2026_05/round_03/nestgpu_t100.0s_n16.parquet,26017632,456,success,2026-05-24 00:00:32,1,time_ms,ms
nature_2026_05,3,NEST GPU,nestgpu,Sugar GRNs (200 Hz),sugar,32,0.1,data/results/nature_2026_05/round_03/nestgpu_t0.1s_n32.parquet,47104,338,success,2026-05-24 00:03:42,1,time_ms,ms
nature_2026_05,3,NEST GPU,nestgpu,Sugar GRNs (200 Hz),sugar,32,1.0,data/results/nature_2026_05/round_03/nestgpu_t1.0s_n32.parquet,551456,412,success,2026-05-24 00:09:22,1,time_ms,ms
nature_2026_05,3,NEST GPU,nestgpu,Sugar GRNs (200 Hz),sugar,32,10.0,data/results/nature_2026_05/round_03/nestgpu_t10.0s_n32.parquet,5521952,433,success,2026-05-24 00:20:23,1,time_ms,ms
nature_2026_05,3,NEST GPU,nestgpu,Sugar GRNs (200 Hz),sugar,32,100.0,data/results/nature_2026_05/round_03/nestgpu_t100.0s_n32.parquet,52035264,456,success,2026-05-24 01:49:04,1,time_ms,ms
nature_2026_05,4,Brian2 (CPU),brian2cpp,Sugar GRNs (200 Hz),sugar,1,0.1,data/results/nature_2026_05/round_04/brian2cpp_t0.1s_n1.parquet,1462,307,success,2026-05-24 01:49:10,1,time_ms,ms
nature_2026_05,4,Brian2 (CPU),brian2cpp,Sugar GRNs (200 Hz),sugar,1,1.0,data/results/nature_2026_05/round_04/brian2cpp_t1.0s_n1.parquet,16850,397,success,2026-05-24 01:49:16,1,time_ms,ms
nature_2026_05,4,Brian2 (CPU),brian2cpp,Sugar GRNs (200 Hz),sugar,1,10.0,data/results/nature_2026_05/round_04/brian2cpp_t10.0s_n1.parquet,170954,437,success,2026-05-24 01:49:42,1,time_ms,ms
nature_2026_05,4,Brian2 (CPU),brian2cpp,Sugar GRNs (200 Hz),sugar,1,100.0,data/results/nature_2026_05/round_04/brian2cpp_t100.0s_n1.parquet,1703704,460,success,2026-05-24 01:54:10,1,time_ms,ms
nature_2026_05,4,Brian2 (CPU),brian2cpp,Sugar GRNs (200 Hz),sugar,4,0.1,data/results/nature_2026_05/round_04/brian2cpp_t0.1s_n4.parquet,6116,373,success,2026-05-24 01:54:15,1,time_ms,ms
nature_2026_05,4,Brian2 (CPU),brian2cpp,Sugar GRNs (200 Hz),sugar,4,1.0,data/results/nature_2026_05/round_04/brian2cpp_t1.0s_n4.parquet,67229,426,success,2026-05-24 01:54:24,1,time_ms,ms
nature_2026_05,4,Brian2 (CPU),brian2cpp,Sugar GRNs (200 Hz),sugar,4,10.0,data/results/nature_2026_05/round_04/brian2cpp_t10.0s_n4.parquet,684391,455,success,2026-05-24 01:55:09,1,time_ms,ms
nature_2026_05,4,Brian2 (CPU),brian2cpp,Sugar GRNs (200 Hz),sugar,4,100.0,data/results/nature_2026_05/round_04/brian2cpp_t100.0s_n4.parquet,6824071,472,success,2026-05-24 02:03:18,1,time_ms,ms
nature_2026_05,4,Brian2 (CPU),brian2cpp,Sugar GRNs (200 Hz),sugar,8,0.1,data/results/nature_2026_05/round_04/brian2cpp_t0.1s_n8.parquet,12366,376,success,2026-05-24 02:03:24,1,time_ms,ms
nature_2026_05,4,Brian2 (CPU),brian2cpp,Sugar GRNs (200 Hz),sugar,8,1.0,data/results/nature_2026_05/round_04/brian2cpp_t1.0s_n8.parquet,135556,436,success,2026-05-24 02:03:37,1,time_ms,ms
nature_2026_05,4,Brian2 (CPU),brian2cpp,Sugar GRNs (200 Hz),sugar,8,10.0,data/results/nature_2026_05/round_04/brian2cpp_t10.0s_n8.parquet,1365238,460,success,2026-05-24 02:04:48,1,time_ms,ms
nature_2026_05,4,Brian2 (CPU),brian2cpp,Sugar GRNs (200 Hz),sugar,8,100.0,data/results/nature_2026_05/round_04/brian2cpp_t100.0s_n8.parquet,13651465,479,success,2026-05-24 02:17:21,1,time_ms,ms
nature_2026_05,4,Brian2 (CPU),brian2cpp,Sugar GRNs (200 Hz),sugar,16,0.1,data/results/nature_2026_05/round_04/brian2cpp_t0.1s_n16.parquet,24475,384,success,2026-05-24 02:17:27,1,time_ms,ms
nature_2026_05,4,Brian2 (CPU),brian2cpp,Sugar GRNs (200 Hz),sugar,16,1.0,data/results/nature_2026_05/round_04/brian2cpp_t1.0s_n16.parquet,269857,435,success,2026-05-24 02:17:54,1,time_ms,ms
nature_2026_05,4,Brian2 (CPU),brian2cpp,Sugar GRNs (200 Hz),sugar,16,10.0,data/results/nature_2026_05/round_04/brian2cpp_t10.0s_n16.parquet,2724051,462,success,2026-05-24 02:21:16,1,time_ms,ms
nature_2026_05,4,Brian2 (CPU),brian2cpp,Sugar GRNs (200 Hz),sugar,16,100.0,data/results/nature_2026_05/round_04/brian2cpp_t100.0s_n16.parquet,27297532,487,success,2026-05-24 02:54:15,1,time_ms,ms
nature_2026_05,4,Brian2 (CPU),brian2cpp,Sugar GRNs (200 Hz),sugar,32,0.1,data/results/nature_2026_05/round_04/brian2cpp_t0.1s_n32.parquet,49772,397,success,2026-05-24 02:54:34,1,time_ms,ms
nature_2026_05,4,Brian2 (CPU),brian2cpp,Sugar GRNs (200 Hz),sugar,32,1.0,data/results/nature_2026_05/round_04/brian2cpp_t1.0s_n32.parquet,541320,450,success,2026-05-24 02:55:42,1,time_ms,ms
nature_2026_05,4,Brian2 (CPU),brian2cpp,Sugar GRNs (200 Hz),sugar,32,10.0,data/results/nature_2026_05/round_04/brian2cpp_t10.0s_n32.parquet,5453967,466,success,2026-05-24 03:02:33,1,time_ms,ms
nature_2026_05,4,Brian2 (CPU),brian2cpp,Sugar GRNs (200 Hz),sugar,32,100.0,data/results/nature_2026_05/round_04/brian2cpp_t100.0s_n32.parquet,54594459,494,success,2026-05-24 04:12:54,1,time_ms,ms
nature_2026_05,4,Brian2CUDA (GPU),brian2cuda,Sugar GRNs (200 Hz),sugar,1,0.1,data/results/nature_2026_05/round_04/brian2cuda_t0.1s_n1.parquet,1615,338,success,2026-05-24 04:13:29,1,time_ms,ms
nature_2026_05,4,Brian2CUDA (GPU),brian2cuda,Sugar GRNs (200 Hz),sugar,1,1.0,data/results/nature_2026_05/round_04/brian2cuda_t1.0s_n1.parquet,17310,405,success,2026-05-24 04:14:01,1,time_ms,ms
nature_2026_05,4,Brian2CUDA (GPU),brian2cuda,Sugar GRNs (200 Hz),sugar,1,10.0,data/results/nature_2026_05/round_04/brian2cuda_t10.0s_n1.parquet,170258,431,success,2026-05-24 04:15:06,1,time_ms,ms
nature_2026_05,4,Brian2CUDA (GPU),brian2cuda,Sugar GRNs (200 Hz),sugar,1,100.0,data/results/nature_2026_05/round_04/brian2cuda_t100.0s_n1.parquet,1708659,460,success,2026-05-24 04:21:32,1,time_ms,ms
nature_2026_05,4,Brian2CUDA (GPU),brian2cuda,Sugar GRNs (200 Hz),sugar,4,0.1,data/results/nature_2026_05/round_04/brian2cuda_t0.1s_n4.parquet,6168,363,success,2026-05-24 04:22:31,1,time_ms,ms
nature_2026_05,4,Brian2CUDA (GPU),brian2cuda,Sugar GRNs (200 Hz),sugar,4,1.0,data/results/nature_2026_05/round_04/brian2cuda_t1.0s_n4.parquet,66910,430,success,2026-05-24 04:23:43,1,time_ms,ms
nature_2026_05,4,Brian2CUDA (GPU),brian2cuda,Sugar GRNs (200 Hz),sugar,4,10.0,data/results/nature_2026_05/round_04/brian2cuda_t10.0s_n4.parquet,683675,448,success,2026-05-24 04:26:58,1,time_ms,ms
nature_2026_05,4,Brian2CUDA (GPU),brian2cuda,Sugar GRNs (200 Hz),sugar,4,100.0,data/results/nature_2026_05/round_04/brian2cuda_t100.0s_n4.parquet,6829876,466,success,2026-05-24 04:51:38,1,time_ms,ms
nature_2026_05,4,Brian2CUDA (GPU),brian2cuda,Sugar GRNs (200 Hz),sugar,8,0.1,data/results/nature_2026_05/round_04/brian2cuda_t0.1s_n8.parquet,12817,374,success,2026-05-24 04:53:13,1,time_ms,ms
nature_2026_05,4,Brian2CUDA (GPU),brian2cuda,Sugar GRNs (200 Hz),sugar,8,1.0,data/results/nature_2026_05/round_04/brian2cuda_t1.0s_n8.parquet,134717,433,success,2026-05-24 04:55:14,1,time_ms,ms
nature_2026_05,4,Brian2CUDA (GPU),brian2cuda,Sugar GRNs (200 Hz),sugar,8,10.0,data/results/nature_2026_05/round_04/brian2cuda_t10.0s_n8.parquet,1362186,454,success,2026-05-24 05:01:32,1,time_ms,ms
nature_2026_05,4,Brian2CUDA (GPU),brian2cuda,Sugar GRNs (200 Hz),sugar,8,100.0,data/results/nature_2026_05/round_04/brian2cuda_t100.0s_n8.parquet,13655174,484,success,2026-05-24 05:51:12,1,time_ms,ms
nature_2026_05,4,Brian2CUDA (GPU),brian2cuda,Sugar GRNs (200 Hz),sugar,16,0.1,data/results/nature_2026_05/round_04/brian2cuda_t0.1s_n16.parquet,24055,381,success,2026-05-24 05:54:25,1,time_ms,ms
nature_2026_05,4,Brian2CUDA (GPU),brian2cuda,Sugar GRNs (200 Hz),sugar,16,1.0,data/results/nature_2026_05/round_04/brian2cuda_t1.0s_n16.parquet,271158,446,success,2026-05-24 05:58:41,1,time_ms,ms
nature_2026_05,4,Brian2CUDA (GPU),brian2cuda,Sugar GRNs (200 Hz),sugar,16,10.0,data/results/nature_2026_05/round_04/brian2cuda_t10.0s_n16.parquet,2737276,465,success,2026-05-24 06:11:35,1,time_ms,ms
nature_2026_05,4,Brian2CUDA (GPU),brian2cuda,Sugar GRNs (200 Hz),sugar,16,100.0,data/results/nature_2026_05/round_04/brian2cuda_t100.0s_n16.parquet,27283910,487,success,2026-05-24 07:45:55,1,time_ms,ms
nature_2026_05,4,Brian2CUDA (GPU),brian2cuda,Sugar GRNs (200 Hz),sugar,32,0.1,data/results/nature_2026_05/round_04/brian2cuda_t0.1s_n32.parquet,48450,394,success,2026-05-24 07:50:55,1,time_ms,ms
nature_2026_05,4,Brian2CUDA (GPU),brian2cuda,Sugar GRNs (200 Hz),sugar,32,1.0,data/results/nature_2026_05/round_04/brian2cuda_t1.0s_n32.parquet,542143,444,success,2026-05-24 07:57:34,1,time_ms,ms
nature_2026_05,4,Brian2CUDA (GPU),brian2cuda,Sugar GRNs (200 Hz),sugar,32,10.0,data/results/nature_2026_05/round_04/brian2cuda_t10.0s_n32.parquet,5461390,473,success,2026-05-24 08:20:19,1,time_ms,ms
nature_2026_05,4,Brian2CUDA (GPU),brian2cuda,Sugar GRNs (200 Hz),sugar,32,100.0,data/results/nature_2026_05/round_04/brian2cuda_t100.0s_n32.parquet,54573151,494,success,2026-05-24 11:26:40,1,time_ms,ms
nature_2026_05,4,NEST GPU,nestgpu,Sugar GRNs (200 Hz),sugar,1,0.1,data/results/nature_2026_05/round_04/nestgpu_t0.1s_n1.parquet,1472,338,success,2026-05-24 11:26:47,1,time_ms,ms
nature_2026_05,4,NEST GPU,nestgpu,Sugar GRNs (200 Hz),sugar,1,1.0,data/results/nature_2026_05/round_04/nestgpu_t1.0s_n1.parquet,17233,412,success,2026-05-24 11:26:54,1,time_ms,ms
nature_2026_05,4,NEST GPU,nestgpu,Sugar GRNs (200 Hz),sugar,1,10.0,data/results/nature_2026_05/round_04/nestgpu_t10.0s_n1.parquet,172561,433,success,2026-05-24 11:27:11,1,time_ms,ms
nature_2026_05,4,NEST GPU,nestgpu,Sugar GRNs (200 Hz),sugar,1,100.0,data/results/nature_2026_05/round_04/nestgpu_t100.0s_n1.parquet,1626102,456,success,2026-05-24 11:29:07,1,time_ms,ms
nature_2026_05,4,NEST GPU,nestgpu,Sugar GRNs (200 Hz),sugar,4,0.1,data/results/nature_2026_05/round_04/nestgpu_t0.1s_n4.parquet,5888,338,success,2026-05-24 11:29:27,1,time_ms,ms
nature_2026_05,4,NEST GPU,nestgpu,Sugar GRNs (200 Hz),sugar,4,1.0,data/results/nature_2026_05/round_04/nestgpu_t1.0s_n4.parquet,68932,412,success,2026-05-24 11:29:52,1,time_ms,ms
nature_2026_05,4,NEST GPU,nestgpu,Sugar GRNs (200 Hz),sugar,4,10.0,data/results/nature_2026_05/round_04/nestgpu_t10.0s_n4.parquet,690244,433,success,2026-05-24 11:30:55,1,time_ms,ms
nature_2026_05,4,NEST GPU,nestgpu,Sugar GRNs (200 Hz),sugar,4,100.0,data/results/nature_2026_05/round_04/nestgpu_t100.0s_n4.parquet,6504408,456,success,2026-05-24 11:38:43,1,time_ms,ms
nature_2026_05,4,NEST GPU,nestgpu,Sugar GRNs (200 Hz),sugar,8,0.1,data/results/nature_2026_05/round_04/nestgpu_t0.1s_n8.parquet,11776,338,success,2026-05-24 11:39:22,1,time_ms,ms
nature_2026_05,4,NEST GPU,nestgpu,Sugar GRNs (200 Hz),sugar,8,1.0,data/results/nature_2026_05/round_04/nestgpu_t1.0s_n8.parquet,137864,412,success,2026-05-24 11:40:15,1,time_ms,ms
nature_2026_05,4,NEST GPU,nestgpu,Sugar GRNs (200 Hz),sugar,8,10.0,data/results/nature_2026_05/round_04/nestgpu_t10.0s_n8.parquet,1380488,433,success,2026-05-24 11:42:20,1,time_ms,ms
nature_2026_05,4,NEST GPU,nestgpu,Sugar GRNs (200 Hz),sugar,8,100.0,data/results/nature_2026_05/round_04/nestgpu_t100.0s_n8.parquet,13008816,456,success,2026-05-24 11:57:59,1,time_ms,ms
nature_2026_05,4,NEST GPU,nestgpu,Sugar GRNs (200 Hz),sugar,16,0.1,data/results/nature_2026_05/round_04/nestgpu_t0.1s_n16.parquet,23552,338,success,2026-05-24 11:59:24,1,time_ms,ms
nature_2026_05,4,NEST GPU,nestgpu,Sugar GRNs (200 Hz),sugar,16,1.0,data/results/nature_2026_05/round_04/nestgpu_t1.0s_n16.parquet,275728,412,success,2026-05-24 12:01:03,1,time_ms,ms
nature_2026_05,4,NEST GPU,nestgpu,Sugar GRNs (200 Hz),sugar,16,10.0,data/results/nature_2026_05/round_04/nestgpu_t10.0s_n16.parquet,2760976,433,success,2026-05-24 12:05:16,1,time_ms,ms
nature_2026_05,4,NEST GPU,nestgpu,Sugar GRNs (200 Hz),sugar,16,100.0,data/results/nature_2026_05/round_04/nestgpu_t100.0s_n16.parquet,26017632,456,success,2026-05-24 12:38:35,1,time_ms,ms
nature_2026_05,4,NEST GPU,nestgpu,Sugar GRNs (200 Hz),sugar,32,0.1,data/results/nature_2026_05/round_04/nestgpu_t0.1s_n32.parquet,47104,338,success,2026-05-24 12:41:30,1,time_ms,ms
nature_2026_05,4,NEST GPU,nestgpu,Sugar GRNs (200 Hz),sugar,32,1.0,data/results/nature_2026_05/round_04/nestgpu_t1.0s_n32.parquet,551456,412,success,2026-05-24 12:46:23,1,time_ms,ms
nature_2026_05,4,NEST GPU,nestgpu,Sugar GRNs (200 Hz),sugar,32,10.0,data/results/nature_2026_05/round_04/nestgpu_t10.0s_n32.parquet,5521952,433,success,2026-05-24 12:57:48,1,time_ms,ms
nature_2026_05,4,NEST GPU,nestgpu,Sugar GRNs (200 Hz),sugar,32,100.0,data/results/nature_2026_05/round_04/nestgpu_t100.0s_n32.parquet,52035264,456,success,2026-05-24 14:22:08,1,time_ms,ms
nature_2026_05,5,Brian2 (CPU),brian2cpp,Sugar GRNs (200 Hz),sugar,1,0.1,data/results/nature_2026_05/round_05/brian2cpp_t0.1s_n1.parquet,1513,327,success,2026-05-24 14:22:16,1,time_ms,ms
nature_2026_05,5,Brian2 (CPU),brian2cpp,Sugar GRNs (200 Hz),sugar,1,1.0,data/results/nature_2026_05/round_05/brian2cpp_t1.0s_n1.parquet,16353,388,success,2026-05-24 14:22:20,1,time_ms,ms
nature_2026_05,5,Brian2 (CPU),brian2cpp,Sugar GRNs (200 Hz),sugar,1,10.0,data/results/nature_2026_05/round_05/brian2cpp_t10.0s_n1.parquet,170803,431,success,2026-05-24 14:22:48,1,time_ms,ms
nature_2026_05,5,Brian2 (CPU),brian2cpp,Sugar GRNs (200 Hz),sugar,1,100.0,data/results/nature_2026_05/round_05/brian2cpp_t100.0s_n1.parquet,1704701,452,success,2026-05-24 14:27:17,1,time_ms,ms
nature_2026_05,5,Brian2 (CPU),brian2cpp,Sugar GRNs (200 Hz),sugar,4,0.1,data/results/nature_2026_05/round_05/brian2cpp_t0.1s_n4.parquet,6528,369,success,2026-05-24 14:27:23,1,time_ms,ms
nature_2026_05,5,Brian2 (CPU),brian2cpp,Sugar GRNs (200 Hz),sugar,4,1.0,data/results/nature_2026_05/round_05/brian2cpp_t1.0s_n4.parquet,67694,421,success,2026-05-24 14:27:35,1,time_ms,ms
nature_2026_05,5,Brian2 (CPU),brian2cpp,Sugar GRNs (200 Hz),sugar,4,10.0,data/results/nature_2026_05/round_05/brian2cpp_t10.0s_n4.parquet,681956,447,success,2026-05-24 14:28:42,1,time_ms,ms
nature_2026_05,5,Brian2 (CPU),brian2cpp,Sugar GRNs (200 Hz),sugar,4,100.0,data/results/nature_2026_05/round_05/brian2cpp_t100.0s_n4.parquet,6825331,469,success,2026-05-24 14:37:50,1,time_ms,ms
nature_2026_05,5,Brian2 (CPU),brian2cpp,Sugar GRNs (200 Hz),sugar,8,0.1,data/results/nature_2026_05/round_05/brian2cpp_t0.1s_n8.parquet,12170,380,success,2026-05-24 14:37:56,1,time_ms,ms
nature_2026_05,5,Brian2 (CPU),brian2cpp,Sugar GRNs (200 Hz),sugar,8,1.0,data/results/nature_2026_05/round_05/brian2cpp_t1.0s_n8.parquet,135997,433,success,2026-05-24 14:38:10,1,time_ms,ms
nature_2026_05,5,Brian2 (CPU),brian2cpp,Sugar GRNs (200 Hz),sugar,8,10.0,data/results/nature_2026_05/round_05/brian2cpp_t10.0s_n8.parquet,1359106,464,success,2026-05-24 14:39:30,1,time_ms,ms
nature_2026_05,5,Brian2 (CPU),brian2cpp,Sugar GRNs (200 Hz),sugar,8,100.0,data/results/nature_2026_05/round_05/brian2cpp_t100.0s_n8.parquet,13659600,478,success,2026-05-24 14:54:04,1,time_ms,ms
nature_2026_05,5,Brian2 (CPU),brian2cpp,Sugar GRNs (200 Hz),sugar,16,0.1,data/results/nature_2026_05/round_05/brian2cpp_t0.1s_n16.parquet,24663,384,success,2026-05-24 14:54:12,1,time_ms,ms
nature_2026_05,5,Brian2 (CPU),brian2cpp,Sugar GRNs (200 Hz),sugar,16,1.0,data/results/nature_2026_05/round_05/brian2cpp_t1.0s_n16.parquet,268788,434,success,2026-05-24 14:54:45,1,time_ms,ms
nature_2026_05,5,Brian2 (CPU),brian2cpp,Sugar GRNs (200 Hz),sugar,16,10.0,data/results/nature_2026_05/round_05/brian2cpp_t10.0s_n16.parquet,2725579,460,success,2026-05-24 14:58:38,1,time_ms,ms
nature_2026_05,5,Brian2 (CPU),brian2cpp,Sugar GRNs (200 Hz),sugar,16,100.0,data/results/nature_2026_05/round_05/brian2cpp_t100.0s_n16.parquet,27293859,498,success,2026-05-24 15:36:08,1,time_ms,ms
nature_2026_05,5,Brian2 (CPU),brian2cpp,Sugar GRNs (200 Hz),sugar,32,0.1,data/results/nature_2026_05/round_05/brian2cpp_t0.1s_n32.parquet,49520,404,success,2026-05-24 15:36:44,1,time_ms,ms
nature_2026_05,5,Brian2 (CPU),brian2cpp,Sugar GRNs (200 Hz),sugar,32,1.0,data/results/nature_2026_05/round_05/brian2cpp_t1.0s_n32.parquet,538814,448,success,2026-05-24 15:38:02,1,time_ms,ms
nature_2026_05,5,Brian2 (CPU),brian2cpp,Sugar GRNs (200 Hz),sugar,32,10.0,data/results/nature_2026_05/round_05/brian2cpp_t10.0s_n32.parquet,5451419,464,success,2026-05-24 15:45:54,1,time_ms,ms
nature_2026_05,5,Brian2 (CPU),brian2cpp,Sugar GRNs (200 Hz),sugar,32,100.0,data/results/nature_2026_05/round_05/brian2cpp_t100.0s_n32.parquet,54602045,494,success,2026-05-24 17:00:36,1,time_ms,ms
nature_2026_05,5,Brian2CUDA (GPU),brian2cuda,Sugar GRNs (200 Hz),sugar,1,0.1,data/results/nature_2026_05/round_05/brian2cuda_t0.1s_n1.parquet,1576,324,success,2026-05-24 17:01:10,1,time_ms,ms
nature_2026_05,5,Brian2CUDA (GPU),brian2cuda,Sugar GRNs (200 Hz),sugar,1,1.0,data/results/nature_2026_05/round_05/brian2cuda_t1.0s_n1.parquet,16997,397,success,2026-05-24 17:01:42,1,time_ms,ms
nature_2026_05,5,Brian2CUDA (GPU),brian2cuda,Sugar GRNs (200 Hz),sugar,1,10.0,data/results/nature_2026_05/round_05/brian2cuda_t10.0s_n1.parquet,169509,432,success,2026-05-24 17:02:45,1,time_ms,ms
nature_2026_05,5,Brian2CUDA (GPU),brian2cuda,Sugar GRNs (200 Hz),sugar,1,100.0,data/results/nature_2026_05/round_05/brian2cuda_t100.0s_n1.parquet,1708263,456,success,2026-05-24 17:09:00,1,time_ms,ms
nature_2026_05,5,Brian2CUDA (GPU),brian2cuda,Sugar GRNs (200 Hz),sugar,4,0.1,data/results/nature_2026_05/round_05/brian2cuda_t0.1s_n4.parquet,6127,363,success,2026-05-24 17:09:58,1,time_ms,ms
nature_2026_05,5,Brian2CUDA (GPU),brian2cuda,Sugar GRNs (200 Hz),sugar,4,1.0,data/results/nature_2026_05/round_05/brian2cuda_t1.0s_n4.parquet,68092,427,success,2026-05-24 17:11:03,1,time_ms,ms
nature_2026_05,5,Brian2CUDA (GPU),brian2cuda,Sugar GRNs (200 Hz),sugar,4,10.0,data/results/nature_2026_05/round_05/brian2cuda_t10.0s_n4.parquet,683203,449,success,2026-05-24 17:14:14,1,time_ms,ms
nature_2026_05,5,Brian2CUDA (GPU),brian2cuda,Sugar GRNs (200 Hz),sugar,4,100.0,data/results/nature_2026_05/round_05/brian2cuda_t100.0s_n4.parquet,6829511,466,success,2026-05-24 17:40:33,1,time_ms,ms
nature_2026_05,5,Brian2CUDA (GPU),brian2cuda,Sugar GRNs (200 Hz),sugar,8,0.1,data/results/nature_2026_05/round_05/brian2cuda_t0.1s_n8.parquet,12438,371,success,2026-05-24 17:43:09,1,time_ms,ms
nature_2026_05,5,Brian2CUDA (GPU),brian2cuda,Sugar GRNs (200 Hz),sugar,8,1.0,data/results/nature_2026_05/round_05/brian2cuda_t1.0s_n8.parquet,135891,436,success,2026-05-24 17:46:27,1,time_ms,ms
nature_2026_05,5,Brian2CUDA (GPU),brian2cuda,Sugar GRNs (200 Hz),sugar,8,10.0,data/results/nature_2026_05/round_05/brian2cuda_t10.0s_n8.parquet,1366089,453,success,2026-05-24 17:55:29,1,time_ms,ms
nature_2026_05,5,Brian2CUDA (GPU),brian2cuda,Sugar GRNs (200 Hz),sugar,8,100.0,data/results/nature_2026_05/round_05/brian2cuda_t100.0s_n8.parquet,13658702,482,success,2026-05-24 19:15:14,1,time_ms,ms
nature_2026_05,5,Brian2CUDA (GPU),brian2cuda,Sugar GRNs (200 Hz),sugar,16,0.1,data/results/nature_2026_05/round_05/brian2cuda_t0.1s_n16.parquet,24252,377,success,2026-05-24 19:19:54,1,time_ms,ms
nature_2026_05,5,Brian2CUDA (GPU),brian2cuda,Sugar GRNs (200 Hz),sugar,16,1.0,data/results/nature_2026_05/round_05/brian2cuda_t1.0s_n16.parquet,271857,438,success,2026-05-24 19:25:01,1,time_ms,ms
nature_2026_05,5,Brian2CUDA (GPU),brian2cuda,Sugar GRNs (200 Hz),sugar,16,10.0,data/results/nature_2026_05/round_05/brian2cuda_t10.0s_n16.parquet,2728315,457,success,2026-05-24 19:37:47,1,time_ms,ms
nature_2026_05,5,Brian2CUDA (GPU),brian2cuda,Sugar GRNs (200 Hz),sugar,16,100.0,data/results/nature_2026_05/round_05/brian2cuda_t100.0s_n16.parquet,27305371,488,success,2026-05-24 22:02:50,1,time_ms,ms
nature_2026_05,5,Brian2CUDA (GPU),brian2cuda,Sugar GRNs (200 Hz),sugar,32,0.1,data/results/nature_2026_05/round_05/brian2cuda_t0.1s_n32.parquet,49410,411,success,2026-05-24 22:07:45,1,time_ms,ms
nature_2026_05,5,Brian2CUDA (GPU),brian2cuda,Sugar GRNs (200 Hz),sugar,32,1.0,data/results/nature_2026_05/round_05/brian2cuda_t1.0s_n32.parquet,540937,447,success,2026-05-24 22:14:15,1,time_ms,ms
nature_2026_05,5,Brian2CUDA (GPU),brian2cuda,Sugar GRNs (200 Hz),sugar,32,10.0,data/results/nature_2026_05/round_05/brian2cuda_t10.0s_n32.parquet,5460091,469,success,2026-05-24 22:53:36,1,time_ms,ms
nature_2026_05,5,Brian2CUDA (GPU),brian2cuda,Sugar GRNs (200 Hz),sugar,32,100.0,data/results/nature_2026_05/round_05/brian2cuda_t100.0s_n32.parquet,54624271,496,success,2026-05-25 03:29:54,1,time_ms,ms
nature_2026_05,5,NEST GPU,nestgpu,Sugar GRNs (200 Hz),sugar,1,0.1,data/results/nature_2026_05/round_05/nestgpu_t0.1s_n1.parquet,1472,338,success,2026-05-25 03:30:01,1,time_ms,ms
nature_2026_05,5,NEST GPU,nestgpu,Sugar GRNs (200 Hz),sugar,1,1.0,data/results/nature_2026_05/round_05/nestgpu_t1.0s_n1.parquet,17233,412,success,2026-05-25 03:30:07,1,time_ms,ms
nature_2026_05,5,NEST GPU,nestgpu,Sugar GRNs (200 Hz),sugar,1,10.0,data/results/nature_2026_05/round_05/nestgpu_t10.0s_n1.parquet,172561,433,success,2026-05-25 03:30:21,1,time_ms,ms
nature_2026_05,5,NEST GPU,nestgpu,Sugar GRNs (200 Hz),sugar,1,100.0,data/results/nature_2026_05/round_05/nestgpu_t100.0s_n1.parquet,1626102,456,success,2026-05-25 03:32:18,1,time_ms,ms
nature_2026_05,5,NEST GPU,nestgpu,Sugar GRNs (200 Hz),sugar,4,0.1,data/results/nature_2026_05/round_05/nestgpu_t0.1s_n4.parquet,5888,338,success,2026-05-25 03:32:38,1,time_ms,ms
nature_2026_05,5,NEST GPU,nestgpu,Sugar GRNs (200 Hz),sugar,4,1.0,data/results/nature_2026_05/round_05/nestgpu_t1.0s_n4.parquet,68932,412,success,2026-05-25 03:33:02,1,time_ms,ms
nature_2026_05,5,NEST GPU,nestgpu,Sugar GRNs (200 Hz),sugar,4,10.0,data/results/nature_2026_05/round_05/nestgpu_t10.0s_n4.parquet,690244,433,success,2026-05-25 03:34:02,1,time_ms,ms
nature_2026_05,5,NEST GPU,nestgpu,Sugar GRNs (200 Hz),sugar,4,100.0,data/results/nature_2026_05/round_05/nestgpu_t100.0s_n4.parquet,6504408,456,success,2026-05-25 14:24:38,1,time_ms,ms
nature_2026_05,5,NEST GPU,nestgpu,Sugar GRNs (200 Hz),sugar,8,0.1,data/results/nature_2026_05/round_05/nestgpu_t0.1s_n8.parquet,11776,338,success,2026-05-25 14:25:44,1,time_ms,ms
nature_2026_05,5,NEST GPU,nestgpu,Sugar GRNs (200 Hz),sugar,8,1.0,data/results/nature_2026_05/round_05/nestgpu_t1.0s_n8.parquet,137864,412,success,2026-05-25 14:26:36,1,time_ms,ms
nature_2026_05,5,NEST GPU,nestgpu,Sugar GRNs (200 Hz),sugar,8,10.0,data/results/nature_2026_05/round_05/nestgpu_t10.0s_n8.parquet,1380488,433,success,2026-05-25 14:28:46,1,time_ms,ms
nature_2026_05,5,NEST GPU,nestgpu,Sugar GRNs (200 Hz),sugar,8,100.0,data/results/nature_2026_05/round_05/nestgpu_t100.0s_n8.parquet,13008816,456,success,2026-05-25 14:44:36,1,time_ms,ms
nature_2026_05,5,NEST GPU,nestgpu,Sugar GRNs (200 Hz),sugar,16,0.1,data/results/nature_2026_05/round_05/nestgpu_t0.1s_n16.parquet,23552,338,success,2026-05-25 14:45:58,1,time_ms,ms
nature_2026_05,5,NEST GPU,nestgpu,Sugar GRNs (200 Hz),sugar,16,1.0,data/results/nature_2026_05/round_05/nestgpu_t1.0s_n16.parquet,275728,412,success,2026-05-25 14:47:37,1,time_ms,ms
nature_2026_05,5,NEST GPU,nestgpu,Sugar GRNs (200 Hz),sugar,16,10.0,data/results/nature_2026_05/round_05/nestgpu_t10.0s_n16.parquet,2760976,433,success,2026-05-25 14:51:34,1,time_ms,ms
nature_2026_05,5,NEST GPU,nestgpu,Sugar GRNs (200 Hz),sugar,16,100.0,data/results/nature_2026_05/round_05/nestgpu_t100.0s_n16.parquet,26017632,456,success,2026-05-25 15:22:37,1,time_ms,ms
nature_2026_05,5,NEST GPU,nestgpu,Sugar GRNs (200 Hz),sugar,32,0.1,data/results/nature_2026_05/round_05/nestgpu_t0.1s_n32.parquet,47104,338,success,2026-05-25 15:25:16,1,time_ms,ms
nature_2026_05,5,NEST GPU,nestgpu,Sugar GRNs (200 Hz),sugar,32,1.0,data/results/nature_2026_05/round_05/nestgpu_t1.0s_n32.parquet,551456,412,success,2026-05-25 15:28:30,1,time_ms,ms
nature_2026_05,5,NEST GPU,nestgpu,Sugar GRNs (200 Hz),sugar,32,10.0,data/results/nature_2026_05/round_05/nestgpu_t10.0s_n32.parquet,5521952,433,success,2026-05-25 15:36:45,1,time_ms,ms
nature_2026_05,5,NEST GPU,nestgpu,Sugar GRNs (200 Hz),sugar,32,100.0,data/results/nature_2026_05/round_05/nestgpu_t100.0s_n32.parquet,52035264,456,success,2026-05-25 16:41:35,1,time_ms,ms
nature_2026_05,1,PyTorch (CUDA),pytorch,Sugar GRNs (200 Hz),sugar,1,0.1,data/results/nature_2026_05/round_01/pytorch_t0.1s_n1.parquet,807,249,success,2026-05-25 16:42:13,1,time_ms,ms
nature_2026_05,1,PyTorch (CUDA),pytorch,Sugar GRNs (200 Hz),sugar,1,1.0,data/results/nature_2026_05/round_01/pytorch_t1.0s_n1.parquet,9109,352,success,2026-05-25 16:42:23,1,time_ms,ms
nature_2026_05,1,PyTorch (CUDA),pytorch,Sugar GRNs (200 Hz),sugar,1,10.0,data/results/nature_2026_05/round_01/pytorch_t10.0s_n1.parquet,95167,395,success,2026-05-25 16:43:56,1,time_ms,ms
nature_2026_05,1,PyTorch (CUDA),pytorch,Sugar GRNs (200 Hz),sugar,1,100.0,data/results/nature_2026_05/round_01/pytorch_t100.0s_n1.parquet,944893,411,success,2026-05-25 16:59:00,1,time_ms,ms
nature_2026_05,1,PyTorch (CUDA),pytorch,Sugar GRNs (200 Hz),sugar,4,0.1,data/results/nature_2026_05/round_01/pytorch_t0.1s_n4.parquet,3242,332,success,2026-05-25 16:59:04,1,time_ms,ms
nature_2026_05,1,PyTorch (CUDA),pytorch,Sugar GRNs (200 Hz),sugar,4,1.0,data/results/nature_2026_05/round_01/pytorch_t1.0s_n4.parquet,37726,369,success,2026-05-25 16:59:37,1,time_ms,ms
nature_2026_05,1,PyTorch (CUDA),pytorch,Sugar GRNs (200 Hz),sugar,4,10.0,data/results/nature_2026_05/round_01/pytorch_t10.0s_n4.parquet,376546,387,success,2026-05-25 17:04:57,1,time_ms,ms
nature_2026_05,1,PyTorch (CUDA),pytorch,Sugar GRNs (200 Hz),sugar,4,100.0,data/results/nature_2026_05/round_01/pytorch_t100.0s_n4.parquet,3777284,450,success,2026-05-25 17:58:35,1,time_ms,ms
nature_2026_05,1,PyTorch (CUDA),pytorch,Sugar GRNs (200 Hz),sugar,8,0.1,data/results/nature_2026_05/round_01/pytorch_t0.1s_n8.parquet,6759,346,success,2026-05-25 17:58:40,1,time_ms,ms
nature_2026_05,1,PyTorch (CUDA),pytorch,Sugar GRNs (200 Hz),sugar,8,1.0,data/results/nature_2026_05/round_01/pytorch_t1.0s_n8.parquet,74400,387,success,2026-05-25 17:59:30,1,time_ms,ms
nature_2026_05,1,PyTorch (CUDA),pytorch,Sugar GRNs (200 Hz),sugar,8,10.0,data/results/nature_2026_05/round_01/pytorch_t10.0s_n8.parquet,753412,420,success,2026-05-25 18:07:32,1,time_ms,ms
nature_2026_05,1,PyTorch (CUDA),pytorch,Sugar GRNs (200 Hz),sugar,8,100.0,data/results/nature_2026_05/round_01/pytorch_t100.0s_n8.parquet,7553604,432,success,2026-05-25 19:26:44,1,time_ms,ms
nature_2026_05,1,PyTorch (CUDA),pytorch,Sugar GRNs (200 Hz),sugar,16,0.1,data/results/nature_2026_05/round_01/pytorch_t0.1s_n16.parquet,13401,356,success,2026-05-25 19:26:53,1,time_ms,ms
nature_2026_05,1,PyTorch (CUDA),pytorch,Sugar GRNs (200 Hz),sugar,16,1.0,data/results/nature_2026_05/round_01/pytorch_t1.0s_n16.parquet,148199,397,success,2026-05-25 19:28:23,1,time_ms,ms
nature_2026_05,1,PyTorch (CUDA),pytorch,Sugar GRNs (200 Hz),sugar,16,10.0,data/results/nature_2026_05/round_01/pytorch_t10.0s_n16.parquet,1504101,407,success,2026-05-25 19:43:15,1,time_ms,ms
nature_2026_05,1,PyTorch (CUDA),pytorch,Sugar GRNs (200 Hz),sugar,16,100.0,data/results/nature_2026_05/round_01/pytorch_t100.0s_n16.parquet,15127150,459,success,2026-05-25 22:11:39,1,time_ms,ms
nature_2026_05,1,PyTorch (CUDA),pytorch,Sugar GRNs (200 Hz),sugar,32,0.1,data/results/nature_2026_05/round_01/pytorch_t0.1s_n32.parquet,27574,364,success,2026-05-25 22:12:00,1,time_ms,ms
nature_2026_05,1,PyTorch (CUDA),pytorch,Sugar GRNs (200 Hz),sugar,32,1.0,data/results/nature_2026_05/round_01/pytorch_t1.0s_n32.parquet,298516,389,success,2026-05-25 22:15:03,1,time_ms,ms
nature_2026_05,1,PyTorch (CUDA),pytorch,Sugar GRNs (200 Hz),sugar,32,10.0,data/results/nature_2026_05/round_01/pytorch_t10.0s_n32.parquet,3030511,446,success,2026-05-25 22:45:19,1,time_ms,ms
nature_2026_05,1,PyTorch (CUDA),pytorch,Sugar GRNs (200 Hz),sugar,32,100.0,data/results/nature_2026_05/round_01/pytorch_t100.0s_n32.parquet,30270171,471,success,2026-05-26 03:48:04,1,time_ms,ms
nature_2026_05,2,PyTorch (CUDA),pytorch,Sugar GRNs (200 Hz),sugar,1,0.1,data/results/nature_2026_05/round_02/pytorch_t0.1s_n1.parquet,743,261,success,2026-05-26 03:48:05,1,time_ms,ms
nature_2026_05,2,PyTorch (CUDA),pytorch,Sugar GRNs (200 Hz),sugar,1,1.0,data/results/nature_2026_05/round_02/pytorch_t1.0s_n1.parquet,9345,369,success,2026-05-26 03:48:15,1,time_ms,ms
nature_2026_05,2,PyTorch (CUDA),pytorch,Sugar GRNs (200 Hz),sugar,1,10.0,data/results/nature_2026_05/round_02/pytorch_t10.0s_n1.parquet,94649,379,success,2026-05-26 03:49:44,1,time_ms,ms
nature_2026_05,2,PyTorch (CUDA),pytorch,Sugar GRNs (200 Hz),sugar,1,100.0,data/results/nature_2026_05/round_02/pytorch_t100.0s_n1.parquet,940401,415,success,2026-05-26 04:04:44,1,time_ms,ms
nature_2026_05,2,PyTorch (CUDA),pytorch,Sugar GRNs (200 Hz),sugar,4,0.1,data/results/nature_2026_05/round_02/pytorch_t0.1s_n4.parquet,3402,328,success,2026-05-26 04:04:49,1,time_ms,ms
nature_2026_05,2,PyTorch (CUDA),pytorch,Sugar GRNs (200 Hz),sugar,4,1.0,data/results/nature_2026_05/round_02/pytorch_t1.0s_n4.parquet,37333,369,success,2026-05-26 04:05:21,1,time_ms,ms
nature_2026_05,2,PyTorch (CUDA),pytorch,Sugar GRNs (200 Hz),sugar,4,10.0,data/results/nature_2026_05/round_02/pytorch_t10.0s_n4.parquet,380121,412,success,2026-05-26 04:10:40,1,time_ms,ms
nature_2026_05,2,PyTorch (CUDA),pytorch,Sugar GRNs (200 Hz),sugar,4,100.0,data/results/nature_2026_05/round_02/pytorch_t100.0s_n4.parquet,3771521,428,success,2026-05-26 05:03:46,1,time_ms,ms
nature_2026_05,2,PyTorch (CUDA),pytorch,Sugar GRNs (200 Hz),sugar,8,0.1,data/results/nature_2026_05/round_02/pytorch_t0.1s_n8.parquet,6847,330,success,2026-05-26 05:03:52,1,time_ms,ms
nature_2026_05,2,PyTorch (CUDA),pytorch,Sugar GRNs (200 Hz),sugar,8,1.0,data/results/nature_2026_05/round_02/pytorch_t1.0s_n8.parquet,73564,375,success,2026-05-26 05:04:40,1,time_ms,ms
nature_2026_05,2,PyTorch (CUDA),pytorch,Sugar GRNs (200 Hz),sugar,8,10.0,data/results/nature_2026_05/round_02/pytorch_t10.0s_n8.parquet,760751,406,success,2026-05-26 05:12:42,1,time_ms,ms
nature_2026_05,2,PyTorch (CUDA),pytorch,Sugar GRNs (200 Hz),sugar,8,100.0,data/results/nature_2026_05/round_02/pytorch_t100.0s_n8.parquet,7563895,448,success,2026-05-26 06:33:55,1,time_ms,ms
nature_2026_05,2,PyTorch (CUDA),pytorch,Sugar GRNs (200 Hz),sugar,16,0.1,data/results/nature_2026_05/round_02/pytorch_t0.1s_n16.parquet,13967,357,success,2026-05-26 06:34:04,1,time_ms,ms
nature_2026_05,2,PyTorch (CUDA),pytorch,Sugar GRNs (200 Hz),sugar,16,1.0,data/results/nature_2026_05/round_02/pytorch_t1.0s_n16.parquet,149035,392,success,2026-05-26 06:35:35,1,time_ms,ms
nature_2026_05,2,PyTorch (CUDA),pytorch,Sugar GRNs (200 Hz),sugar,16,10.0,data/results/nature_2026_05/round_02/pytorch_t10.0s_n16.parquet,1511598,421,success,2026-05-26 06:50:41,1,time_ms,ms
nature_2026_05,2,PyTorch (CUDA),pytorch,Sugar GRNs (200 Hz),sugar,16,100.0,data/results/nature_2026_05/round_02/pytorch_t100.0s_n16.parquet,15131462,459,success,2026-05-26 09:20:34,1,time_ms,ms
nature_2026_05,2,PyTorch (CUDA),pytorch,Sugar GRNs (200 Hz),sugar,32,0.1,data/results/nature_2026_05/round_02/pytorch_t0.1s_n32.parquet,26607,363,success,2026-05-26 09:20:54,1,time_ms,ms
nature_2026_05,2,PyTorch (CUDA),pytorch,Sugar GRNs (200 Hz),sugar,32,1.0,data/results/nature_2026_05/round_02/pytorch_t1.0s_n32.parquet,298670,391,success,2026-05-26 09:23:57,1,time_ms,ms
nature_2026_05,2,PyTorch (CUDA),pytorch,Sugar GRNs (200 Hz),sugar,32,10.0,data/results/nature_2026_05/round_02/pytorch_t10.0s_n32.parquet,3032522,426,success,2026-05-26 09:54:27,1,time_ms,ms
nature_2026_05,2,PyTorch (CUDA),pytorch,Sugar GRNs (200 Hz),sugar,32,100.0,data/results/nature_2026_05/round_02/pytorch_t100.0s_n32.parquet,30266598,483,success,2026-05-26 15:00:56,1,time_ms,ms
nature_2026_05,3,PyTorch (CUDA),pytorch,Sugar GRNs (200 Hz),sugar,1,0.1,data/results/nature_2026_05/round_03/pytorch_t0.1s_n1.parquet,849,265,success,2026-05-26 15:01:00,1,time_ms,ms
nature_2026_05,3,PyTorch (CUDA),pytorch,Sugar GRNs (200 Hz),sugar,1,1.0,data/results/nature_2026_05/round_03/pytorch_t1.0s_n1.parquet,9295,354,success,2026-05-26 15:01:10,1,time_ms,ms
nature_2026_05,3,PyTorch (CUDA),pytorch,Sugar GRNs (200 Hz),sugar,1,10.0,data/results/nature_2026_05/round_03/pytorch_t10.0s_n1.parquet,94457,376,success,2026-05-26 15:02:42,1,time_ms,ms
nature_2026_05,3,PyTorch (CUDA),pytorch,Sugar GRNs (200 Hz),sugar,1,100.0,data/results/nature_2026_05/round_03/pytorch_t100.0s_n1.parquet,942224,417,success,2026-05-26 15:18:16,1,time_ms,ms
nature_2026_05,3,PyTorch (CUDA),pytorch,Sugar GRNs (200 Hz),sugar,4,0.1,data/results/nature_2026_05/round_03/pytorch_t0.1s_n4.parquet,3512,334,success,2026-05-26 15:18:20,1,time_ms,ms
nature_2026_05,3,PyTorch (CUDA),pytorch,Sugar GRNs (200 Hz),sugar,4,1.0,data/results/nature_2026_05/round_03/pytorch_t1.0s_n4.parquet,37521,365,success,2026-05-26 15:18:54,1,time_ms,ms
nature_2026_05,3,PyTorch (CUDA),pytorch,Sugar GRNs (200 Hz),sugar,4,10.0,data/results/nature_2026_05/round_03/pytorch_t10.0s_n4.parquet,377299,393,success,2026-05-26 15:24:25,1,time_ms,ms
nature_2026_05,3,PyTorch (CUDA),pytorch,Sugar GRNs (200 Hz),sugar,4,100.0,data/results/nature_2026_05/round_03/pytorch_t100.0s_n4.parquet,3780077,432,success,2026-05-26 16:21:26,1,time_ms,ms
nature_2026_05,3,PyTorch (CUDA),pytorch,Sugar GRNs (200 Hz),sugar,8,0.1,data/results/nature_2026_05/round_03/pytorch_t0.1s_n8.parquet,6422,348,success,2026-05-26 16:21:32,1,time_ms,ms
nature_2026_05,3,PyTorch (CUDA),pytorch,Sugar GRNs (200 Hz),sugar,8,1.0,data/results/nature_2026_05/round_03/pytorch_t1.0s_n8.parquet,73999,377,success,2026-05-26 16:22:25,1,time_ms,ms
nature_2026_05,3,PyTorch (CUDA),pytorch,Sugar GRNs (200 Hz),sugar,8,10.0,data/results/nature_2026_05/round_03/pytorch_t10.0s_n8.parquet,754011,394,success,2026-05-26 16:31:02,1,time_ms,ms
nature_2026_05,3,PyTorch (CUDA),pytorch,Sugar GRNs (200 Hz),sugar,8,100.0,data/results/nature_2026_05/round_03/pytorch_t100.0s_n8.parquet,7561195,453,success,2026-05-26 17:55:25,1,time_ms,ms
nature_2026_05,3,PyTorch (CUDA),pytorch,Sugar GRNs (200 Hz),sugar,16,0.1,data/results/nature_2026_05/round_03/pytorch_t0.1s_n16.parquet,13565,358,success,2026-05-26 17:55:38,1,time_ms,ms
nature_2026_05,3,PyTorch (CUDA),pytorch,Sugar GRNs (200 Hz),sugar,16,1.0,data/results/nature_2026_05/round_03/pytorch_t1.0s_n16.parquet,150189,392,success,2026-05-26 17:57:11,1,time_ms,ms
nature_2026_05,3,PyTorch (CUDA),pytorch,Sugar GRNs (200 Hz),sugar,16,10.0,data/results/nature_2026_05/round_03/pytorch_t10.0s_n16.parquet,1515621,409,success,2026-05-26 18:12:32,1,time_ms,ms
nature_2026_05,3,PyTorch (CUDA),pytorch,Sugar GRNs (200 Hz),sugar,16,100.0,data/results/nature_2026_05/round_03/pytorch_t100.0s_n16.parquet,15143076,463,success,2026-05-26 20:44:56,1,time_ms,ms
nature_2026_05,3,PyTorch (CUDA),pytorch,Sugar GRNs (200 Hz),sugar,32,0.1,data/results/nature_2026_05/round_03/pytorch_t0.1s_n32.parquet,25794,356,success,2026-05-26 20:45:17,1,time_ms,ms
nature_2026_05,3,PyTorch (CUDA),pytorch,Sugar GRNs (200 Hz),sugar,32,1.0,data/results/nature_2026_05/round_03/pytorch_t1.0s_n32.parquet,302417,423,success,2026-05-26 20:48:19,1,time_ms,ms
nature_2026_05,3,PyTorch (CUDA),pytorch,Sugar GRNs (200 Hz),sugar,32,10.0,data/results/nature_2026_05/round_03/pytorch_t10.0s_n32.parquet,3016274,445,success,2026-05-26 21:18:46,1,time_ms,ms
nature_2026_05,3,PyTorch (CUDA),pytorch,Sugar GRNs (200 Hz),sugar,32,100.0,data/results/nature_2026_05/round_03/pytorch_t100.0s_n32.parquet,30257847,466,success,2026-05-27 02:21:52,1,time_ms,ms
nature_2026_05,4,PyTorch (CUDA),pytorch,Sugar GRNs (200 Hz),sugar,1,0.1,data/results/nature_2026_05/round_04/pytorch_t0.1s_n1.parquet,859,295,success,2026-05-27 02:21:54,1,time_ms,ms
nature_2026_05,4,PyTorch (CUDA),pytorch,Sugar GRNs (200 Hz),sugar,1,1.0,data/results/nature_2026_05/round_04/pytorch_t1.0s_n1.parquet,9022,349,success,2026-05-27 02:22:04,1,time_ms,ms
nature_2026_05,4,PyTorch (CUDA),pytorch,Sugar GRNs (200 Hz),sugar,1,10.0,data/results/nature_2026_05/round_04/pytorch_t10.0s_n1.parquet,92652,382,success,2026-05-27 02:23:36,1,time_ms,ms
nature_2026_05,4,PyTorch (CUDA),pytorch,Sugar GRNs (200 Hz),sugar,1,100.0,data/results/nature_2026_05/round_04/pytorch_t100.0s_n1.parquet,942694,404,success,2026-05-27 02:38:51,1,time_ms,ms
nature_2026_05,4,PyTorch (CUDA),pytorch,Sugar GRNs (200 Hz),sugar,4,0.1,data/results/nature_2026_05/round_04/pytorch_t0.1s_n4.parquet,3253,309,success,2026-05-27 02:38:55,1,time_ms,ms
nature_2026_05,4,PyTorch (CUDA),pytorch,Sugar GRNs (200 Hz),sugar,4,1.0,data/results/nature_2026_05/round_04/pytorch_t1.0s_n4.parquet,37398,374,success,2026-05-27 02:39:28,1,time_ms,ms
nature_2026_05,4,PyTorch (CUDA),pytorch,Sugar GRNs (200 Hz),sugar,4,10.0,data/results/nature_2026_05/round_04/pytorch_t10.0s_n4.parquet,375868,404,success,2026-05-27 02:44:49,1,time_ms,ms
nature_2026_05,4,PyTorch (CUDA),pytorch,Sugar GRNs (200 Hz),sugar,4,100.0,data/results/nature_2026_05/round_04/pytorch_t100.0s_n4.parquet,3789884,448,success,2026-05-27 03:38:51,1,time_ms,ms
nature_2026_05,4,PyTorch (CUDA),pytorch,Sugar GRNs (200 Hz),sugar,8,0.1,data/results/nature_2026_05/round_04/pytorch_t0.1s_n8.parquet,6479,323,success,2026-05-27 03:38:57,1,time_ms,ms
nature_2026_05,4,PyTorch (CUDA),pytorch,Sugar GRNs (200 Hz),sugar,8,1.0,data/results/nature_2026_05/round_04/pytorch_t1.0s_n8.parquet,74848,393,success,2026-05-27 03:39:46,1,time_ms,ms
nature_2026_05,4,PyTorch (CUDA),pytorch,Sugar GRNs (200 Hz),sugar,8,10.0,data/results/nature_2026_05/round_04/pytorch_t10.0s_n8.parquet,756564,435,success,2026-05-27 03:47:52,1,time_ms,ms
nature_2026_05,4,PyTorch (CUDA),pytorch,Sugar GRNs (200 Hz),sugar,8,100.0,data/results/nature_2026_05/round_04/pytorch_t100.0s_n8.parquet,7554840,456,success,2026-05-27 05:07:43,1,time_ms,ms
nature_2026_05,4,PyTorch (CUDA),pytorch,Sugar GRNs (200 Hz),sugar,16,0.1,data/results/nature_2026_05/round_04/pytorch_t0.1s_n16.parquet,13339,350,success,2026-05-27 05:08:02,1,time_ms,ms
nature_2026_05,4,PyTorch (CUDA),pytorch,Sugar GRNs (200 Hz),sugar,16,1.0,data/results/nature_2026_05/round_04/pytorch_t1.0s_n16.parquet,149718,398,success,2026-05-27 05:09:23,1,time_ms,ms
nature_2026_05,4,PyTorch (CUDA),pytorch,Sugar GRNs (200 Hz),sugar,16,10.0,data/results/nature_2026_05/round_04/pytorch_t10.0s_n16.parquet,1506254,427,success,2026-05-27 05:24:14,1,time_ms,ms
nature_2026_05,4,PyTorch (CUDA),pytorch,Sugar GRNs (200 Hz),sugar,16,100.0,data/results/nature_2026_05/round_04/pytorch_t100.0s_n16.parquet,15146673,464,success,2026-05-27 07:53:21,1,time_ms,ms
nature_2026_05,4,PyTorch (CUDA),pytorch,Sugar GRNs (200 Hz),sugar,32,0.1,data/results/nature_2026_05/round_04/pytorch_t0.1s_n32.parquet,25859,367,success,2026-05-27 07:53:40,1,time_ms,ms
nature_2026_05,4,PyTorch (CUDA),pytorch,Sugar GRNs (200 Hz),sugar,32,1.0,data/results/nature_2026_05/round_04/pytorch_t1.0s_n32.parquet,300250,388,success,2026-05-27 07:56:42,1,time_ms,ms
nature_2026_05,4,PyTorch (CUDA),pytorch,Sugar GRNs (200 Hz),sugar,32,10.0,data/results/nature_2026_05/round_04/pytorch_t10.0s_n32.parquet,3020663,450,success,2026-05-27 08:27:04,1,time_ms,ms
nature_2026_05,4,PyTorch (CUDA),pytorch,Sugar GRNs (200 Hz),sugar,32,100.0,data/results/nature_2026_05/round_04/pytorch_t100.0s_n32.parquet,30268999,466,success,2026-05-27 13:28:58,1,time_ms,ms
nature_2026_05,5,PyTorch (CUDA),pytorch,Sugar GRNs (200 Hz),sugar,1,0.1,data/results/nature_2026_05/round_05/pytorch_t0.1s_n1.parquet,827,271,success,2026-05-27 13:29:00,1,time_ms,ms
nature_2026_05,5,PyTorch (CUDA),pytorch,Sugar GRNs (200 Hz),sugar,1,1.0,data/results/nature_2026_05/round_05/pytorch_t1.0s_n1.parquet,9641,347,success,2026-05-27 13:29:10,1,time_ms,ms
nature_2026_05,5,PyTorch (CUDA),pytorch,Sugar GRNs (200 Hz),sugar,1,10.0,data/results/nature_2026_05/round_05/pytorch_t10.0s_n1.parquet,94195,380,success,2026-05-27 13:30:47,1,time_ms,ms
nature_2026_05,5,PyTorch (CUDA),pytorch,Sugar GRNs (200 Hz),sugar,1,100.0,data/results/nature_2026_05/round_05/pytorch_t100.0s_n1.parquet,945839,435,success,2026-05-27 13:46:21,1,time_ms,ms
nature_2026_05,5,PyTorch (CUDA),pytorch,Sugar GRNs (200 Hz),sugar,4,0.1,data/results/nature_2026_05/round_05/pytorch_t0.1s_n4.parquet,3354,337,success,2026-05-27 13:46:26,1,time_ms,ms
nature_2026_05,5,PyTorch (CUDA),pytorch,Sugar GRNs (200 Hz),sugar,4,1.0,data/results/nature_2026_05/round_05/pytorch_t1.0s_n4.parquet,36893,372,success,2026-05-27 13:47:00,1,time_ms,ms
nature_2026_05,5,PyTorch (CUDA),pytorch,Sugar GRNs (200 Hz),sugar,4,10.0,data/results/nature_2026_05/round_05/pytorch_t10.0s_n4.parquet,374745,397,success,2026-05-27 13:52:31,1,time_ms,ms
nature_2026_05,5,PyTorch (CUDA),pytorch,Sugar GRNs (200 Hz),sugar,4,100.0,data/results/nature_2026_05/round_05/pytorch_t100.0s_n4.parquet,3781536,443,success,2026-05-27 14:46:46,1,time_ms,ms
nature_2026_05,5,PyTorch (CUDA),pytorch,Sugar GRNs (200 Hz),sugar,8,0.1,data/results/nature_2026_05/round_05/pytorch_t0.1s_n8.parquet,6462,335,success,2026-05-27 14:46:52,1,time_ms,ms
nature_2026_05,5,PyTorch (CUDA),pytorch,Sugar GRNs (200 Hz),sugar,8,1.0,data/results/nature_2026_05/round_05/pytorch_t1.0s_n8.parquet,75236,377,success,2026-05-27 14:47:41,1,time_ms,ms
nature_2026_05,5,PyTorch (CUDA),pytorch,Sugar GRNs (200 Hz),sugar,8,10.0,data/results/nature_2026_05/round_05/pytorch_t10.0s_n8.parquet,755909,403,success,2026-05-27 14:55:53,1,time_ms,ms
nature_2026_05,5,PyTorch (CUDA),pytorch,Sugar GRNs (200 Hz),sugar,8,100.0,data/results/nature_2026_05/round_05/pytorch_t100.0s_n8.parquet,7574872,449,success,2026-05-27 16:17:22,1,time_ms,ms
nature_2026_05,5,PyTorch (CUDA),pytorch,Sugar GRNs (200 Hz),sugar,16,0.1,data/results/nature_2026_05/round_05/pytorch_t0.1s_n16.parquet,13423,355,success,2026-05-27 16:17:32,1,time_ms,ms
nature_2026_05,5,PyTorch (CUDA),pytorch,Sugar GRNs (200 Hz),sugar,16,1.0,data/results/nature_2026_05/round_05/pytorch_t1.0s_n16.parquet,147588,385,success,2026-05-27 16:19:01,1,time_ms,ms
nature_2026_05,5,PyTorch (CUDA),pytorch,Sugar GRNs (200 Hz),sugar,16,10.0,data/results/nature_2026_05/round_05/pytorch_t10.0s_n16.parquet,1509962,416,success,2026-05-27 16:33:52,1,time_ms,ms
nature_2026_05,5,PyTorch (CUDA),pytorch,Sugar GRNs (200 Hz),sugar,16,100.0,data/results/nature_2026_05/round_05/pytorch_t100.0s_n16.parquet,15132075,463,success,2026-05-27 19:02:41,1,time_ms,ms
nature_2026_05,5,PyTorch (CUDA),pytorch,Sugar GRNs (200 Hz),sugar,32,0.1,data/results/nature_2026_05/round_05/pytorch_t0.1s_n32.parquet,26703,360,success,2026-05-27 19:03:00,1,time_ms,ms
nature_2026_05,5,PyTorch (CUDA),pytorch,Sugar GRNs (200 Hz),sugar,32,1.0,data/results/nature_2026_05/round_05/pytorch_t1.0s_n32.parquet,299070,387,success,2026-05-27 19:06:12,1,time_ms,ms
nature_2026_05,5,PyTorch (CUDA),pytorch,Sugar GRNs (200 Hz),sugar,32,10.0,data/results/nature_2026_05/round_05/pytorch_t10.0s_n32.parquet,3025974,445,success,2026-05-27 19:36:34,1,time_ms,ms
nature_2026_05,5,PyTorch (CUDA),pytorch,Sugar GRNs (200 Hz),sugar,32,100.0,data/results/nature_2026_05/round_05/pytorch_t100.0s_n32.parquet,30262302,471,success,2026-05-28 00:45:44,1,time_ms,ms
