run_label,round,reference_framework,comparison_framework,reference_backend,comparison_backend,n_run,t_run,spikes_reference,spikes_comparison,spike_count_ratio_comparison_over_reference,active_reference,active_comparison,active_shared,active_union,active_jaccard,active_precision_comparison_over_reference,active_recall_comparison_over_reference,rate_pearson_shared,rate_rmse_hz_shared,rate_mae_hz_shared,reference_spike_path,comparison_spike_path
nature_2026_05,1,Brian2 (CPU),GeNN (GPU),brian2cpp,genn,1,0.1,1558,1443,0.92618742,323,315,304,334,0.91017964,0.96507937,0.94117647,0.94646547,16.70171753,8.42105263,data/results/nature_2026_05/round_01/brian2cpp_t0.1s_n1.parquet,data/results/nature_2026_05/round_01/genn_t0.1s_n1.parquet
nature_2026_05,1,Brian2 (CPU),GeNN (GPU),brian2cpp,genn,1,1.0,16567,16978,1.02480835,380,386,370,396,0.93434343,0.95854922,0.97368421,0.9891451,7.16843682,3.84594595,data/results/nature_2026_05/round_01/brian2cpp_t1.0s_n1.parquet,data/results/nature_2026_05/round_01/genn_t1.0s_n1.parquet
nature_2026_05,1,Brian2 (CPU),GeNN (GPU),brian2cpp,genn,1,10.0,170940,173131,1.01281736,434,438,431,441,0.97732426,0.98401826,0.99308756,0.99929766,1.97051349,0.97308585,data/results/nature_2026_05/round_01/brian2cpp_t10.0s_n1.parquet,data/results/nature_2026_05/round_01/genn_t10.0s_n1.parquet
nature_2026_05,1,Brian2 (CPU),GeNN (GPU),brian2cpp,genn,1,100.0,1705441,1725771,1.01192067,458,466,453,471,0.96178344,0.972103,0.98908297,0.99990314,0.97364872,0.51172185,data/results/nature_2026_05/round_01/brian2cpp_t100.0s_n1.parquet,data/results/nature_2026_05/round_01/genn_t100.0s_n1.parquet
nature_2026_05,1,Brian2 (CPU),GeNN (GPU),brian2cpp,genn,4,0.1,6008,6217,1.03478695,357,363,347,373,0.93029491,0.95592287,0.9719888,0.98229392,9.07858741,4.29394813,data/results/nature_2026_05/round_01/brian2cpp_t0.1s_n4.parquet,data/results/nature_2026_05/round_01/genn_t0.1s_n4.parquet
nature_2026_05,1,Brian2 (CPU),GeNN (GPU),brian2cpp,genn,4,1.0,67813,68189,1.00554466,430,434,426,438,0.97260274,0.98156682,0.99069767,0.99837271,2.74815879,1.46420188,data/results/nature_2026_05/round_01/brian2cpp_t1.0s_n4.parquet,data/results/nature_2026_05/round_01/genn_t1.0s_n4.parquet
nature_2026_05,1,Brian2 (CPU),GeNN (GPU),brian2cpp,genn,4,10.0,683353,690425,1.01034897,446,447,440,453,0.97130243,0.98434004,0.98654709,0.9997224,1.29282988,0.62238636,data/results/nature_2026_05/round_01/brian2cpp_t10.0s_n4.parquet,data/results/nature_2026_05/round_01/genn_t10.0s_n4.parquet
nature_2026_05,1,Brian2 (CPU),GeNN (GPU),brian2cpp,genn,4,100.0,6815172,6900210,1.01247775,471,480,463,488,0.94877049,0.96458333,0.98301486,0.99989585,1.02934039,0.52426566,data/results/nature_2026_05/round_01/brian2cpp_t100.0s_n4.parquet,data/results/nature_2026_05/round_01/genn_t100.0s_n4.parquet
nature_2026_05,1,Brian2 (CPU),GeNN (GPU),brian2cpp,genn,8,0.1,12349,12458,1.00882663,371,375,366,380,0.96315789,0.976,0.98652291,0.99191878,5.98302757,3.1454918,data/results/nature_2026_05/round_01/brian2cpp_t0.1s_n8.parquet,data/results/nature_2026_05/round_01/genn_t0.1s_n8.parquet
nature_2026_05,1,Brian2 (CPU),GeNN (GPU),brian2cpp,genn,8,1.0,134226,136329,1.01566761,433,436,427,442,0.96606335,0.9793578,0.98614319,0.99925987,1.96504137,1.07845433,data/results/nature_2026_05/round_01/brian2cpp_t1.0s_n8.parquet,data/results/nature_2026_05/round_01/genn_t1.0s_n8.parquet
nature_2026_05,1,Brian2 (CPU),GeNN (GPU),brian2cpp,genn,8,10.0,1362699,1379181,1.01209511,450,458,449,459,0.97821351,0.98034934,0.99777778,0.9998811,1.03214668,0.51021715,data/results/nature_2026_05/round_01/brian2cpp_t10.0s_n8.parquet,data/results/nature_2026_05/round_01/genn_t10.0s_n8.parquet
nature_2026_05,1,Brian2 (CPU),GeNN (GPU),brian2cpp,genn,8,100.0,13656692,13807796,1.01106447,473,486,467,492,0.94918699,0.96090535,0.98731501,0.99992152,0.91247695,0.44368308,data/results/nature_2026_05/round_01/brian2cpp_t100.0s_n8.parquet,data/results/nature_2026_05/round_01/genn_t100.0s_n8.parquet
nature_2026_05,1,Brian2 (CPU),GeNN (GPU),brian2cpp,genn,16,0.1,24506,25173,1.02721782,388,399,375,412,0.91019417,0.93984962,0.96649485,0.99535976,4.71013977,2.37333333,data/results/nature_2026_05/round_01/brian2cpp_t0.1s_n16.parquet,data/results/nature_2026_05/round_01/genn_t0.1s_n16.parquet
nature_2026_05,1,Brian2 (CPU),GeNN (GPU),brian2cpp,genn,16,1.0,270595,273580,1.01103125,443,444,435,452,0.96238938,0.97972973,0.98194131,0.99964208,1.4164057,0.70043103,data/results/nature_2026_05/round_01/brian2cpp_t1.0s_n16.parquet,data/results/nature_2026_05/round_01/genn_t1.0s_n16.parquet
nature_2026_05,1,Brian2 (CPU),GeNN (GPU),brian2cpp,genn,16,10.0,2730441,2754818,1.00892786,458,463,452,469,0.96375267,0.9762419,0.98689956,0.99988793,0.93092393,0.43512168,data/results/nature_2026_05/round_01/brian2cpp_t10.0s_n16.parquet,data/results/nature_2026_05/round_01/genn_t10.0s_n16.parquet
nature_2026_05,1,Brian2 (CPU),GeNN (GPU),brian2cpp,genn,16,100.0,27298882,27622970,1.01187184,488,493,484,497,0.97384306,0.98174442,0.99180328,0.99992771,0.91481245,0.45088972,data/results/nature_2026_05/round_01/brian2cpp_t100.0s_n16.parquet,data/results/nature_2026_05/round_01/genn_t100.0s_n16.parquet
nature_2026_05,1,Brian2 (CPU),GeNN (GPU),brian2cpp,genn,32,0.1,49013,50115,1.02248383,421,409,401,429,0.93473193,0.9804401,0.95249406,0.99741413,3.54196844,1.83837282,data/results/nature_2026_05/round_01/brian2cpp_t0.1s_n32.parquet,data/results/nature_2026_05/round_01/genn_t0.1s_n32.parquet
nature_2026_05,1,Brian2 (CPU),GeNN (GPU),brian2cpp,genn,32,1.0,541136,547221,1.01124486,447,452,441,458,0.9628821,0.97566372,0.98657718,0.9997379,1.34350691,0.61238662,data/results/nature_2026_05/round_01/brian2cpp_t1.0s_n32.parquet,data/results/nature_2026_05/round_01/genn_t1.0s_n32.parquet
nature_2026_05,1,Brian2 (CPU),GeNN (GPU),brian2cpp,genn,32,10.0,5460985,5515961,1.01006705,472,503,468,507,0.92307692,0.9304175,0.99152542,0.99990179,0.94772414,0.44726229,data/results/nature_2026_05/round_01/brian2cpp_t10.0s_n32.parquet,data/results/nature_2026_05/round_01/genn_t10.0s_n32.parquet
nature_2026_05,1,Brian2 (CPU),GeNN (GPU),brian2cpp,genn,32,100.0,54594602,55256757,1.01212858,497,522,491,528,0.92992424,0.94061303,0.98792757,0.99993063,0.90841973,0.45080003,data/results/nature_2026_05/round_01/brian2cpp_t100.0s_n32.parquet,data/results/nature_2026_05/round_01/genn_t100.0s_n32.parquet
nature_2026_05,2,Brian2 (CPU),GeNN (GPU),brian2cpp,genn,1,0.1,1574,1443,0.91677255,325,315,306,334,0.91616766,0.97142857,0.94153846,0.94289836,16.58804988,8.69281046,data/results/nature_2026_05/round_02/brian2cpp_t0.1s_n1.parquet,data/results/nature_2026_05/round_02/genn_t0.1s_n1.parquet
nature_2026_05,2,Brian2 (CPU),GeNN (GPU),brian2cpp,genn,1,1.0,17011,16978,0.99806008,397,386,374,409,0.91442543,0.96891192,0.94206549,0.99210285,6.05522711,2.97593583,data/results/nature_2026_05/round_02/brian2cpp_t1.0s_n1.parquet,data/results/nature_2026_05/round_02/genn_t1.0s_n1.parquet
nature_2026_05,2,Brian2 (CPU),GeNN (GPU),brian2cpp,genn,1,10.0,170998,173131,1.01247383,437,438,432,443,0.9751693,0.98630137,0.98855835,0.99928505,2.03729691,0.99652778,data/results/nature_2026_05/round_02/brian2cpp_t10.0s_n1.parquet,data/results/nature_2026_05/round_02/genn_t10.0s_n1.parquet
nature_2026_05,2,Brian2 (CPU),GeNN (GPU),brian2cpp,genn,1,100.0,1706927,1725771,1.01103972,459,466,451,474,0.95147679,0.96781116,0.98257081,0.99987183,1.09627296,0.52179601,data/results/nature_2026_05/round_02/brian2cpp_t100.0s_n1.parquet,data/results/nature_2026_05/round_02/genn_t100.0s_n1.parquet
nature_2026_05,2,Brian2 (CPU),GeNN (GPU),brian2cpp,genn,4,0.1,6252,6217,0.99440179,374,363,349,388,0.89948454,0.96143251,0.93315508,0.98936425,7.13410229,3.8252149,data/results/nature_2026_05/round_02/brian2cpp_t0.1s_n4.parquet,data/results/nature_2026_05/round_02/genn_t0.1s_n4.parquet
nature_2026_05,2,Brian2 (CPU),GeNN (GPU),brian2cpp,genn,4,1.0,67036,68189,1.01719971,421,434,420,435,0.96551724,0.96774194,0.9976247,0.99823212,2.96000121,1.73452381,data/results/nature_2026_05/round_02/brian2cpp_t1.0s_n4.parquet,data/results/nature_2026_05/round_02/genn_t1.0s_n4.parquet
nature_2026_05,2,Brian2 (CPU),GeNN (GPU),brian2cpp,genn,4,10.0,681585,690425,1.01296977,447,447,440,454,0.969163,0.98434004,0.98434004,0.99979854,1.24926171,0.68801136,data/results/nature_2026_05/round_02/brian2cpp_t10.0s_n4.parquet,data/results/nature_2026_05/round_02/genn_t10.0s_n4.parquet
nature_2026_05,2,Brian2 (CPU),GeNN (GPU),brian2cpp,genn,4,100.0,6836569,6900210,1.00930891,473,480,468,485,0.96494845,0.975,0.98942918,0.99988248,0.97076459,0.48227564,data/results/nature_2026_05/round_02/brian2cpp_t100.0s_n4.parquet,data/results/nature_2026_05/round_02/genn_t100.0s_n4.parquet
nature_2026_05,2,Brian2 (CPU),GeNN (GPU),brian2cpp,genn,8,0.1,12635,12458,0.98599129,389,375,364,400,0.91,0.97066667,0.93573265,0.99116367,6.46206173,3.2760989,data/results/nature_2026_05/round_02/brian2cpp_t0.1s_n8.parquet,data/results/nature_2026_05/round_02/genn_t0.1s_n8.parquet
nature_2026_05,2,Brian2 (CPU),GeNN (GPU),brian2cpp,genn,8,1.0,134305,136329,1.01507018,434,436,429,441,0.97278912,0.98394495,0.98847926,0.99913867,2.07253027,1.07692308,data/results/nature_2026_05/round_02/brian2cpp_t1.0s_n8.parquet,data/results/nature_2026_05/round_02/genn_t1.0s_n8.parquet
nature_2026_05,2,Brian2 (CPU),GeNN (GPU),brian2cpp,genn,8,10.0,1365363,1379181,1.01012039,450,458,448,460,0.97391304,0.97816594,0.99555556,0.99983387,1.0758685,0.53164062,data/results/nature_2026_05/round_02/brian2cpp_t10.0s_n8.parquet,data/results/nature_2026_05/round_02/genn_t10.0s_n8.parquet
nature_2026_05,2,Brian2 (CPU),GeNN (GPU),brian2cpp,genn,8,100.0,13654654,13807796,1.01121537,473,486,465,494,0.94129555,0.95679012,0.98308668,0.99991898,0.92819776,0.4431371,data/results/nature_2026_05/round_02/brian2cpp_t100.0s_n8.parquet,data/results/nature_2026_05/round_02/genn_t100.0s_n8.parquet
nature_2026_05,2,Brian2 (CPU),GeNN (GPU),brian2cpp,genn,16,0.1,24918,25173,1.01023357,406,399,390,415,0.93975904,0.97744361,0.96059113,0.99591488,4.25946345,2.17628205,data/results/nature_2026_05/round_02/brian2cpp_t0.1s_n16.parquet,data/results/nature_2026_05/round_02/genn_t0.1s_n16.parquet
nature_2026_05,2,Brian2 (CPU),GeNN (GPU),brian2cpp,genn,16,1.0,269016,273580,1.01696553,437,444,432,449,0.96213808,0.97297297,0.98855835,0.99946873,1.79755673,0.89322917,data/results/nature_2026_05/round_02/brian2cpp_t1.0s_n16.parquet,data/results/nature_2026_05/round_02/genn_t1.0s_n16.parquet
nature_2026_05,2,Brian2 (CPU),GeNN (GPU),brian2cpp,genn,16,10.0,2730045,2754818,1.00907421,467,463,452,478,0.94560669,0.9762419,0.96788009,0.99985738,0.99578555,0.50363662,data/results/nature_2026_05/round_02/brian2cpp_t10.0s_n16.parquet,data/results/nature_2026_05/round_02/genn_t10.0s_n16.parquet
nature_2026_05,2,Brian2 (CPU),GeNN (GPU),brian2cpp,genn,16,100.0,27301735,27622970,1.0117661,492,493,487,498,0.97791165,0.98782961,0.9898374,0.99992587,0.91029242,0.45002952,data/results/nature_2026_05/round_02/brian2cpp_t100.0s_n16.parquet,data/results/nature_2026_05/round_02/genn_t100.0s_n16.parquet
nature_2026_05,2,Brian2 (CPU),GeNN (GPU),brian2cpp,genn,32,0.1,49406,50115,1.01435048,394,409,383,420,0.91190476,0.93643032,0.97208122,0.99750921,3.42382457,1.56902742,data/results/nature_2026_05/round_02/brian2cpp_t0.1s_n32.parquet,data/results/nature_2026_05/round_02/genn_t0.1s_n32.parquet
nature_2026_05,2,Brian2 (CPU),GeNN (GPU),brian2cpp,genn,32,1.0,541337,547221,1.01086938,448,452,444,456,0.97368421,0.98230088,0.99107143,0.99971962,1.32808111,0.59698761,data/results/nature_2026_05/round_02/brian2cpp_t1.0s_n32.parquet,data/results/nature_2026_05/round_02/genn_t1.0s_n32.parquet
nature_2026_05,2,Brian2 (CPU),GeNN (GPU),brian2cpp,genn,32,10.0,5460685,5515961,1.01012254,470,503,463,510,0.90784314,0.92047714,0.98510638,0.99990339,0.93182649,0.44597732,data/results/nature_2026_05/round_02/brian2cpp_t10.0s_n32.parquet,data/results/nature_2026_05/round_02/genn_t10.0s_n32.parquet
nature_2026_05,2,Brian2 (CPU),GeNN (GPU),brian2cpp,genn,32,100.0,54592169,55256002,1.01215986,499,522,493,528,0.93371212,0.94444444,0.98797595,0.99992734,0.91833384,0.4526965,data/results/nature_2026_05/round_02/brian2cpp_t100.0s_n32.parquet,data/results/nature_2026_05/round_02/genn_t100.0s_n32.parquet
nature_2026_05,3,Brian2 (CPU),GeNN (GPU),brian2cpp,genn,1,0.1,1565,1443,0.92204473,334,315,298,351,0.84900285,0.94603175,0.89221557,0.93769695,17.43636561,9.46308725,data/results/nature_2026_05/round_03/brian2cpp_t0.1s_n1.parquet,data/results/nature_2026_05/round_03/genn_t0.1s_n1.parquet
nature_2026_05,3,Brian2 (CPU),GeNN (GPU),brian2cpp,genn,1,1.0,17021,16978,0.99747371,387,386,376,397,0.94710327,0.97409326,0.97157623,0.99117655,6.45009484,3.27925532,data/results/nature_2026_05/round_03/brian2cpp_t1.0s_n1.parquet,data/results/nature_2026_05/round_03/genn_t1.0s_n1.parquet
nature_2026_05,3,Brian2 (CPU),GeNN (GPU),brian2cpp,genn,1,10.0,171006,173131,1.01242646,433,438,427,444,0.96171171,0.97488584,0.98614319,0.99942163,1.87652202,0.98711944,data/results/nature_2026_05/round_03/brian2cpp_t10.0s_n1.parquet,data/results/nature_2026_05/round_03/genn_t10.0s_n1.parquet
nature_2026_05,3,Brian2 (CPU),GeNN (GPU),brian2cpp,genn,1,100.0,1704969,1725771,1.01220081,452,466,450,468,0.96153846,0.96566524,0.99557522,0.99990333,1.01240253,0.51442222,data/results/nature_2026_05/round_03/brian2cpp_t100.0s_n1.parquet,data/results/nature_2026_05/round_03/genn_t100.0s_n1.parquet
nature_2026_05,3,Brian2 (CPU),GeNN (GPU),brian2cpp,genn,4,0.1,6214,6217,1.00048278,367,363,348,382,0.91099476,0.95867769,0.94822888,0.98999666,6.74078767,3.90804598,data/results/nature_2026_05/round_03/brian2cpp_t0.1s_n4.parquet,data/results/nature_2026_05/round_03/genn_t0.1s_n4.parquet
nature_2026_05,3,Brian2 (CPU),GeNN (GPU),brian2cpp,genn,4,1.0,67645,68189,1.00804198,430,434,423,441,0.95918367,0.97465438,0.98372093,0.99757774,3.36990137,1.82919622,data/results/nature_2026_05/round_03/brian2cpp_t1.0s_n4.parquet,data/results/nature_2026_05/round_03/genn_t1.0s_n4.parquet
nature_2026_05,3,Brian2 (CPU),GeNN (GPU),brian2cpp,genn,4,10.0,681036,690425,1.01378635,446,447,439,454,0.96696035,0.98210291,0.98430493,0.99972373,1.43806206,0.675,data/results/nature_2026_05/round_03/brian2cpp_t10.0s_n4.parquet,data/results/nature_2026_05/round_03/genn_t10.0s_n4.parquet
nature_2026_05,3,Brian2 (CPU),GeNN (GPU),brian2cpp,genn,4,100.0,6830889,6900210,1.01014817,479,480,468,491,0.95315682,0.975,0.97703549,0.99989811,0.93806415,0.46029915,data/results/nature_2026_05/round_03/brian2cpp_t100.0s_n4.parquet,data/results/nature_2026_05/round_03/genn_t100.0s_n4.parquet
nature_2026_05,3,Brian2 (CPU),GeNN (GPU),brian2cpp,genn,8,0.1,12217,12458,1.01972661,372,375,364,383,0.95039164,0.97066667,0.97849462,0.99489627,4.80026899,2.80906593,data/results/nature_2026_05/round_03/brian2cpp_t0.1s_n8.parquet,data/results/nature_2026_05/round_03/genn_t0.1s_n8.parquet
nature_2026_05,3,Brian2 (CPU),GeNN (GPU),brian2cpp,genn,8,1.0,134161,136329,1.01615969,433,436,430,439,0.97949886,0.98623853,0.99307159,0.99897991,2.25417088,1.20668605,data/results/nature_2026_05/round_03/brian2cpp_t1.0s_n8.parquet,data/results/nature_2026_05/round_03/genn_t1.0s_n8.parquet
nature_2026_05,3,Brian2 (CPU),GeNN (GPU),brian2cpp,genn,8,10.0,1364287,1379181,1.01091706,460,458,448,470,0.95319149,0.97816594,0.97391304,0.999878,0.99054173,0.50164621,data/results/nature_2026_05/round_03/brian2cpp_t10.0s_n8.parquet,data/results/nature_2026_05/round_03/genn_t10.0s_n8.parquet
nature_2026_05,3,Brian2 (CPU),GeNN (GPU),brian2cpp,genn,8,100.0,13655219,13807796,1.01117353,480,486,476,490,0.97142857,0.97942387,0.99166667,0.99992136,0.91953052,0.44105305,data/results/nature_2026_05/round_03/brian2cpp_t100.0s_n8.parquet,data/results/nature_2026_05/round_03/genn_t100.0s_n8.parquet
nature_2026_05,3,Brian2 (CPU),GeNN (GPU),brian2cpp,genn,16,0.1,24706,25173,1.01890229,391,399,377,413,0.91283293,0.94486216,0.96419437,0.99693463,3.82888406,2.18335544,data/results/nature_2026_05/round_03/brian2cpp_t0.1s_n16.parquet,data/results/nature_2026_05/round_03/genn_t0.1s_n16.parquet
nature_2026_05,3,Brian2 (CPU),GeNN (GPU),brian2cpp,genn,16,1.0,270617,273580,1.01094905,441,444,435,450,0.96666667,0.97972973,0.98639456,0.99946205,1.66875229,0.76350575,data/results/nature_2026_05/round_03/brian2cpp_t1.0s_n16.parquet,data/results/nature_2026_05/round_03/genn_t1.0s_n16.parquet
nature_2026_05,3,Brian2 (CPU),GeNN (GPU),brian2cpp,genn,16,10.0,2731961,2754818,1.00836652,457,463,451,469,0.96162047,0.97408207,0.9868709,0.99988394,0.92772785,0.43166574,data/results/nature_2026_05/round_03/brian2cpp_t10.0s_n16.parquet,data/results/nature_2026_05/round_03/genn_t10.0s_n16.parquet
nature_2026_05,3,Brian2 (CPU),GeNN (GPU),brian2cpp,genn,16,100.0,27290129,27622970,1.01219639,510,493,486,517,0.94003868,0.98580122,0.95294118,0.99992639,0.93509662,0.45952418,data/results/nature_2026_05/round_03/brian2cpp_t100.0s_n16.parquet,data/results/nature_2026_05/round_03/genn_t100.0s_n16.parquet
nature_2026_05,3,Brian2 (CPU),GeNN (GPU),brian2cpp,genn,32,0.1,48913,50115,1.02457424,396,409,385,420,0.91666667,0.94132029,0.97222222,0.9977047,3.51816512,1.79626623,data/results/nature_2026_05/round_03/brian2cpp_t0.1s_n32.parquet,data/results/nature_2026_05/round_03/genn_t0.1s_n32.parquet
nature_2026_05,3,Brian2 (CPU),GeNN (GPU),brian2cpp,genn,32,1.0,540017,547221,1.01334032,449,452,444,457,0.97155361,0.98230088,0.98886414,0.99980506,1.19795492,0.61549831,data/results/nature_2026_05/round_03/brian2cpp_t1.0s_n32.parquet,data/results/nature_2026_05/round_03/genn_t1.0s_n32.parquet
nature_2026_05,3,Brian2 (CPU),GeNN (GPU),brian2cpp,genn,32,10.0,5460320,5515961,1.01019006,476,503,470,509,0.92337917,0.93439364,0.98739496,0.99989673,0.95959351,0.46259973,data/results/nature_2026_05/round_03/brian2cpp_t10.0s_n32.parquet,data/results/nature_2026_05/round_03/genn_t10.0s_n32.parquet
nature_2026_05,3,Brian2 (CPU),GeNN (GPU),brian2cpp,genn,32,100.0,54611641,55254431,1.0117702,519,522,513,528,0.97159091,0.98275862,0.98843931,0.99992519,0.90310113,0.43015899,data/results/nature_2026_05/round_03/brian2cpp_t100.0s_n32.parquet,data/results/nature_2026_05/round_03/genn_t100.0s_n32.parquet
nature_2026_05,4,Brian2 (CPU),GeNN (GPU),brian2cpp,genn,1,0.1,1462,1443,0.9870041,307,315,297,325,0.91384615,0.94285714,0.96742671,0.94755004,16.44294287,8.11447811,data/results/nature_2026_05/round_04/brian2cpp_t0.1s_n1.parquet,data/results/nature_2026_05/round_04/genn_t0.1s_n1.parquet
nature_2026_05,4,Brian2 (CPU),GeNN (GPU),brian2cpp,genn,1,1.0,16850,16978,1.00759644,397,386,375,408,0.91911765,0.97150259,0.94458438,0.99430141,5.14587213,2.912,data/results/nature_2026_05/round_04/brian2cpp_t1.0s_n1.parquet,data/results/nature_2026_05/round_04/genn_t1.0s_n1.parquet
nature_2026_05,4,Brian2 (CPU),GeNN (GPU),brian2cpp,genn,1,10.0,170954,173131,1.01273442,437,438,431,444,0.97072072,0.98401826,0.98627002,0.99913208,2.16195752,1.08352668,data/results/nature_2026_05/round_04/brian2cpp_t10.0s_n1.parquet,data/results/nature_2026_05/round_04/genn_t10.0s_n1.parquet
nature_2026_05,4,Brian2 (CPU),GeNN (GPU),brian2cpp,genn,1,100.0,1703704,1725771,1.01295237,460,466,453,473,0.9577167,0.972103,0.98478261,0.99987287,1.14197826,0.5784106,data/results/nature_2026_05/round_04/brian2cpp_t100.0s_n1.parquet,data/results/nature_2026_05/round_04/genn_t100.0s_n1.parquet
nature_2026_05,4,Brian2 (CPU),GeNN (GPU),brian2cpp,genn,4,0.1,6116,6217,1.01651406,373,363,354,382,0.92670157,0.97520661,0.94906166,0.98367767,8.6500547,4.57627119,data/results/nature_2026_05/round_04/brian2cpp_t0.1s_n4.parquet,data/results/nature_2026_05/round_04/genn_t0.1s_n4.parquet
nature_2026_05,4,Brian2 (CPU),GeNN (GPU),brian2cpp,genn,4,1.0,67229,68189,1.01427955,426,434,426,434,0.98156682,0.98156682,1.0,0.99855373,2.784936,1.42723005,data/results/nature_2026_05/round_04/brian2cpp_t1.0s_n4.parquet,data/results/nature_2026_05/round_04/genn_t1.0s_n4.parquet
nature_2026_05,4,Brian2 (CPU),GeNN (GPU),brian2cpp,genn,4,10.0,684391,690425,1.0088166,455,447,441,461,0.95661605,0.98657718,0.96923077,0.99974713,1.25145607,0.63752834,data/results/nature_2026_05/round_04/brian2cpp_t10.0s_n4.parquet,data/results/nature_2026_05/round_04/genn_t10.0s_n4.parquet
nature_2026_05,4,Brian2 (CPU),GeNN (GPU),brian2cpp,genn,4,100.0,6824071,6900210,1.01115742,472,480,468,484,0.96694215,0.975,0.99152542,0.99988731,1.00082044,0.49912927,data/results/nature_2026_05/round_04/brian2cpp_t100.0s_n4.parquet,data/results/nature_2026_05/round_04/genn_t100.0s_n4.parquet
nature_2026_05,4,Brian2 (CPU),GeNN (GPU),brian2cpp,genn,8,0.1,12366,12458,1.00743975,376,375,363,388,0.93556701,0.968,0.96542553,0.99284867,5.60593264,2.93044077,data/results/nature_2026_05/round_04/brian2cpp_t0.1s_n8.parquet,data/results/nature_2026_05/round_04/genn_t0.1s_n8.parquet
nature_2026_05,4,Brian2 (CPU),GeNN (GPU),brian2cpp,genn,8,1.0,135556,136329,1.00570244,436,436,428,444,0.96396396,0.98165138,0.98165138,0.99935501,1.7127737,0.88405374,data/results/nature_2026_05/round_04/brian2cpp_t1.0s_n8.parquet,data/results/nature_2026_05/round_04/genn_t1.0s_n8.parquet
nature_2026_05,4,Brian2 (CPU),GeNN (GPU),brian2cpp,genn,8,10.0,1365238,1379181,1.01021287,460,458,449,469,0.95735608,0.98034934,0.97608696,0.99983237,1.08208788,0.54991648,data/results/nature_2026_05/round_04/brian2cpp_t10.0s_n8.parquet,data/results/nature_2026_05/round_04/genn_t10.0s_n8.parquet
nature_2026_05,4,Brian2 (CPU),GeNN (GPU),brian2cpp,genn,8,100.0,13651465,13807796,1.01145159,479,486,474,491,0.96537678,0.97530864,0.98956159,0.99990875,0.96301186,0.46330169,data/results/nature_2026_05/round_04/brian2cpp_t100.0s_n8.parquet,data/results/nature_2026_05/round_04/genn_t100.0s_n8.parquet
nature_2026_05,4,Brian2 (CPU),GeNN (GPU),brian2cpp,genn,16,0.1,24475,25173,1.0285189,384,399,374,409,0.91442543,0.93734336,0.97395833,0.99708456,3.90298995,2.37466578,data/results/nature_2026_05/round_04/brian2cpp_t0.1s_n16.parquet,data/results/nature_2026_05/round_04/genn_t0.1s_n16.parquet
nature_2026_05,4,Brian2 (CPU),GeNN (GPU),brian2cpp,genn,16,1.0,269857,273580,1.0137962,435,444,434,445,0.9752809,0.97747748,0.99770115,0.99959223,1.55379488,0.75950461,data/results/nature_2026_05/round_04/brian2cpp_t1.0s_n16.parquet,data/results/nature_2026_05/round_04/genn_t1.0s_n16.parquet
nature_2026_05,4,Brian2 (CPU),GeNN (GPU),brian2cpp,genn,16,10.0,2724051,2754818,1.01129458,462,463,455,470,0.96808511,0.98272138,0.98484848,0.99987798,1.03544174,0.51241758,data/results/nature_2026_05/round_04/brian2cpp_t10.0s_n16.parquet,data/results/nature_2026_05/round_04/genn_t10.0s_n16.parquet
nature_2026_05,4,Brian2 (CPU),GeNN (GPU),brian2cpp,genn,16,100.0,27297532,27622970,1.01192188,487,493,484,496,0.97580645,0.98174442,0.99383984,0.99992914,0.91672359,0.44622676,data/results/nature_2026_05/round_04/brian2cpp_t100.0s_n16.parquet,data/results/nature_2026_05/round_04/genn_t100.0s_n16.parquet
nature_2026_05,4,Brian2 (CPU),GeNN (GPU),brian2cpp,genn,32,0.1,49772,50115,1.00689142,397,409,388,418,0.92822967,0.94865526,0.97732997,0.99802616,2.97844152,1.67203608,data/results/nature_2026_05/round_04/brian2cpp_t0.1s_n32.parquet,data/results/nature_2026_05/round_04/genn_t0.1s_n32.parquet
nature_2026_05,4,Brian2 (CPU),GeNN (GPU),brian2cpp,genn,32,1.0,541320,547221,1.01090113,450,452,443,459,0.96514161,0.9800885,0.98444444,0.99967741,1.35051972,0.68390237,data/results/nature_2026_05/round_04/brian2cpp_t1.0s_n32.parquet,data/results/nature_2026_05/round_04/genn_t1.0s_n32.parquet
nature_2026_05,4,Brian2 (CPU),GeNN (GPU),brian2cpp,genn,32,10.0,5453967,5515961,1.01136677,466,503,460,509,0.90373281,0.91451292,0.98712446,0.99990234,0.9901785,0.46289402,data/results/nature_2026_05/round_04/brian2cpp_t10.0s_n32.parquet,data/results/nature_2026_05/round_04/genn_t10.0s_n32.parquet
nature_2026_05,4,Brian2 (CPU),GeNN (GPU),brian2cpp,genn,32,100.0,54594459,55254431,1.01208863,494,522,490,526,0.93155894,0.93869732,0.99190283,0.99992274,0.9367289,0.45631696,data/results/nature_2026_05/round_04/brian2cpp_t100.0s_n32.parquet,data/results/nature_2026_05/round_04/genn_t100.0s_n32.parquet
nature_2026_05,5,Brian2 (CPU),GeNN (GPU),brian2cpp,genn,1,0.1,1513,1443,0.9537343,327,315,300,342,0.87719298,0.95238095,0.91743119,0.9415715,16.31972222,8.9,data/results/nature_2026_05/round_05/brian2cpp_t0.1s_n1.parquet,data/results/nature_2026_05/round_05/genn_t0.1s_n1.parquet
nature_2026_05,5,Brian2 (CPU),GeNN (GPU),brian2cpp,genn,1,1.0,16353,16978,1.03821929,388,386,369,405,0.91111111,0.95595855,0.95103093,0.99370082,5.7318111,3.24932249,data/results/nature_2026_05/round_05/brian2cpp_t1.0s_n1.parquet,data/results/nature_2026_05/round_05/genn_t1.0s_n1.parquet
nature_2026_05,5,Brian2 (CPU),GeNN (GPU),brian2cpp,genn,1,10.0,170803,173131,1.01362974,431,438,429,440,0.975,0.97945205,0.99535963,0.99943007,1.90164326,0.93403263,data/results/nature_2026_05/round_05/brian2cpp_t10.0s_n1.parquet,data/results/nature_2026_05/round_05/genn_t10.0s_n1.parquet
nature_2026_05,5,Brian2 (CPU),GeNN (GPU),brian2cpp,genn,1,100.0,1704701,1725771,1.01235994,452,466,449,469,0.95735608,0.96351931,0.99336283,0.99986322,1.04295804,0.57623608,data/results/nature_2026_05/round_05/brian2cpp_t100.0s_n1.parquet,data/results/nature_2026_05/round_05/genn_t100.0s_n1.parquet
nature_2026_05,5,Brian2 (CPU),GeNN (GPU),brian2cpp,genn,4,0.1,6528,6217,0.95235907,369,363,354,378,0.93650794,0.97520661,0.95934959,0.98773664,7.78983294,4.63983051,data/results/nature_2026_05/round_05/brian2cpp_t0.1s_n4.parquet,data/results/nature_2026_05/round_05/genn_t0.1s_n4.parquet
nature_2026_05,5,Brian2 (CPU),GeNN (GPU),brian2cpp,genn,4,1.0,67694,68189,1.00731232,421,434,420,435,0.96551724,0.96774194,0.9976247,0.99861121,2.54784573,1.52321429,data/results/nature_2026_05/round_05/brian2cpp_t1.0s_n4.parquet,data/results/nature_2026_05/round_05/genn_t1.0s_n4.parquet
nature_2026_05,5,Brian2 (CPU),GeNN (GPU),brian2cpp,genn,4,10.0,681956,690425,1.01241869,447,447,441,453,0.97350993,0.98657718,0.98657718,0.9997028,1.43929901,0.74353741,data/results/nature_2026_05/round_05/brian2cpp_t10.0s_n4.parquet,data/results/nature_2026_05/round_05/genn_t10.0s_n4.parquet
nature_2026_05,5,Brian2 (CPU),GeNN (GPU),brian2cpp,genn,4,100.0,6825331,6900210,1.01097075,469,480,467,482,0.96887967,0.97291667,0.99573561,0.99990415,0.94988757,0.46392934,data/results/nature_2026_05/round_05/brian2cpp_t100.0s_n4.parquet,data/results/nature_2026_05/round_05/genn_t100.0s_n4.parquet
nature_2026_05,5,Brian2 (CPU),GeNN (GPU),brian2cpp,genn,8,0.1,12170,12458,1.02366475,380,375,361,394,0.91624365,0.96266667,0.95,0.99144359,6.22849486,3.41759003,data/results/nature_2026_05/round_05/brian2cpp_t0.1s_n8.parquet,data/results/nature_2026_05/round_05/genn_t0.1s_n8.parquet
nature_2026_05,5,Brian2 (CPU),GeNN (GPU),brian2cpp,genn,8,1.0,135997,136329,1.00244123,433,436,430,439,0.97949886,0.98623853,0.99307159,0.99913889,1.95525901,0.98604651,data/results/nature_2026_05/round_05/brian2cpp_t1.0s_n8.parquet,data/results/nature_2026_05/round_05/genn_t1.0s_n8.parquet
nature_2026_05,5,Brian2 (CPU),GeNN (GPU),brian2cpp,genn,8,10.0,1359106,1379181,1.01477074,464,458,451,471,0.95753715,0.98471616,0.97198276,0.9998717,1.14139886,0.62985033,data/results/nature_2026_05/round_05/brian2cpp_t10.0s_n8.parquet,data/results/nature_2026_05/round_05/genn_t10.0s_n8.parquet
nature_2026_05,5,Brian2 (CPU),GeNN (GPU),brian2cpp,genn,8,100.0,13659600,13807796,1.01084922,478,486,471,493,0.95537525,0.9691358,0.98535565,0.99991772,0.91437811,0.44144374,data/results/nature_2026_05/round_05/brian2cpp_t100.0s_n8.parquet,data/results/nature_2026_05/round_05/genn_t100.0s_n8.parquet
nature_2026_05,5,Brian2 (CPU),GeNN (GPU),brian2cpp,genn,16,0.1,24663,25173,1.02067875,384,399,373,410,0.9097561,0.93483709,0.97135417,0.99613242,4.24389445,2.19839142,data/results/nature_2026_05/round_05/brian2cpp_t0.1s_n16.parquet,data/results/nature_2026_05/round_05/genn_t0.1s_n16.parquet
nature_2026_05,5,Brian2 (CPU),GeNN (GPU),brian2cpp,genn,16,1.0,268788,273580,1.01782818,434,444,432,446,0.96860987,0.97297297,0.99539171,0.99955568,1.70787013,0.90176505,data/results/nature_2026_05/round_05/brian2cpp_t1.0s_n16.parquet,data/results/nature_2026_05/round_05/genn_t1.0s_n16.parquet
nature_2026_05,5,Brian2 (CPU),GeNN (GPU),brian2cpp,genn,16,10.0,2725579,2754818,1.01072763,460,463,453,470,0.96382979,0.97840173,0.98478261,0.99988994,0.98674909,0.45943709,data/results/nature_2026_05/round_05/brian2cpp_t10.0s_n16.parquet,data/results/nature_2026_05/round_05/genn_t10.0s_n16.parquet
nature_2026_05,5,Brian2 (CPU),GeNN (GPU),brian2cpp,genn,16,100.0,27293859,27622970,1.01205806,498,493,490,501,0.97804391,0.99391481,0.98393574,0.99992036,0.93380869,0.45673087,data/results/nature_2026_05/round_05/brian2cpp_t100.0s_n16.parquet,data/results/nature_2026_05/round_05/genn_t100.0s_n16.parquet
nature_2026_05,5,Brian2 (CPU),GeNN (GPU),brian2cpp,genn,32,0.1,49520,50115,1.01201535,404,409,384,429,0.8951049,0.93887531,0.95049505,0.99715721,3.61917102,1.82861328,data/results/nature_2026_05/round_05/brian2cpp_t0.1s_n32.parquet,data/results/nature_2026_05/round_05/genn_t0.1s_n32.parquet
nature_2026_05,5,Brian2 (CPU),GeNN (GPU),brian2cpp,genn,32,1.0,538814,547221,1.01560279,448,452,445,455,0.97802198,0.98451327,0.99330357,0.99978838,1.28610515,0.66889045,data/results/nature_2026_05/round_05/brian2cpp_t1.0s_n32.parquet,data/results/nature_2026_05/round_05/genn_t1.0s_n32.parquet
nature_2026_05,5,Brian2 (CPU),GeNN (GPU),brian2cpp,genn,32,10.0,5451419,5515961,1.01183949,464,503,460,507,0.90729783,0.91451292,0.99137931,0.9999031,1.01277269,0.49171196,data/results/nature_2026_05/round_05/brian2cpp_t10.0s_n32.parquet,data/results/nature_2026_05/round_05/genn_t10.0s_n32.parquet
nature_2026_05,5,Brian2 (CPU),GeNN (GPU),brian2cpp,genn,32,100.0,54602045,55256002,1.01197679,494,522,491,525,0.9352381,0.94061303,0.99392713,0.99992915,0.90726494,0.44421716,data/results/nature_2026_05/round_05/brian2cpp_t100.0s_n32.parquet,data/results/nature_2026_05/round_05/genn_t100.0s_n32.parquet
