framework,backend_key,n_run,t_run,normal_rounds,normal_sim_median_s,normal_sim_min_s,normal_sim_max_s,noio_sim_s,sim_reduction_pct,normal_total_median_s,normal_total_min_s,normal_total_max_s,noio_total_s,total_reduction_pct,noio_sim_below_all_normal_rounds,noio_total_below_all_normal_rounds
Brian2 (CPU),brian2cpp,1,0.1,5,0.841000,0.696000,0.916000,0.787000,6.421,4.542000,4.182000,7.143000,3.999000,11.955,false,true
Brian2 (CPU),brian2cpp,1,1,5,2.909000,2.655000,3.078000,2.891000,0.619,6.104000,5.554000,7.136000,5.869000,3.850,false,false
Brian2 (CPU),brian2cpp,1,10,5,25.337000,23.183000,31.059000,24.797000,2.131,29.224000,26.805000,34.416000,27.827000,4.780,false,false
Brian2 (CPU),brian2cpp,1,100,5,286.462000,269.219000,294.834000,298.292000,-4.130,293.939000,276.009000,301.724000,301.153000,-2.454,false,false
Brian2 (CPU),brian2cpp,4,0.1,5,5.394000,4.787000,6.213000,4.451000,17.482,5.449000,4.838000,6.281000,4.486000,17.673,true,true
Brian2 (CPU),brian2cpp,4,1,5,8.170000,7.701000,11.720000,7.490000,8.323,8.328000,7.851000,11.970000,7.526000,9.630,true,true
Brian2 (CPU),brian2cpp,4,10,5,50.758000,47.240000,70.922000,51.646000,-1.749,51.876000,48.337000,72.662000,51.688000,0.362,false,false
Brian2 (CPU),brian2cpp,4,100,5,518.992000,510.012000,587.503000,505.789000,2.544,533.871000,524.355000,603.654000,505.825000,5.253,true,true
Brian2 (CPU),brian2cpp,8,0.1,5,5.283000,4.640000,6.471000,5.863000,-10.979,5.349000,4.701000,6.548000,5.901000,-10.320,false,false
Brian2 (CPU),brian2cpp,8,1,5,13.253000,12.159000,16.308000,13.867000,-4.633,13.588000,12.434000,16.622000,13.915000,-2.407,false,false
Brian2 (CPU),brian2cpp,8,10,5,81.837000,77.783000,86.401000,72.556000,11.341,84.771000,80.015000,89.028000,72.599000,14.359,true,true
Brian2 (CPU),brian2cpp,8,100,5,795.796000,759.864000,919.327000,750.111000,5.741,825.179000,788.568000,958.594000,750.147000,9.093,true,true
Brian2 (CPU),brian2cpp,16,0.1,5,9.504000,8.177000,11.024000,8.716000,8.291,9.618000,8.283000,11.146000,8.752000,9.004,false,false
Brian2 (CPU),brian2cpp,16,1,5,26.919000,25.886000,35.358000,28.295000,-5.112,27.419000,26.420000,35.927000,28.344000,-3.374,false,false
Brian2 (CPU),brian2cpp,16,10,5,215.074000,203.267000,250.160000,197.966000,7.954,220.029000,208.904000,255.940000,198.009000,10.008,true,true
Brian2 (CPU),brian2cpp,16,100,5,2120.129000,1932.367000,2567.729000,1925.868000,9.163,2178.435000,1988.492000,2625.158000,1926.108000,11.583,true,true
Brian2 (CPU),brian2cpp,32,0.1,5,27.844000,21.404000,33.592000,17.508000,37.121,28.091000,21.706000,33.855000,17.604000,37.332,true,true
Brian2 (CPU),brian2cpp,32,1,5,72.005000,66.896000,82.145000,62.850000,12.714,73.118000,69.556000,83.476000,63.083000,13.724,true,true
Brian2 (CPU),brian2cpp,32,10,5,441.862000,429.441000,508.448000,444.738000,-0.651,451.185000,439.115000,519.054000,444.846000,1.405,false,false
Brian2 (CPU),brian2cpp,32,100,5,4170.706000,3977.205000,4803.625000,4175.633000,-0.118,4283.659000,4093.421000,4929.118000,4175.752000,2.519,false,false
Brian2CUDA (GPU),brian2cuda,1,0.1,5,8.994000,8.890000,9.814000,8.734000,2.891,31.804000,29.101000,39.727000,29.121000,8.436,true,false
Brian2CUDA (GPU),brian2cuda,1,1,5,11.981000,11.937000,13.280000,10.890000,9.106,31.311000,30.765000,35.476000,29.799000,4.829,true,true
Brian2CUDA (GPU),brian2cuda,1,10,5,44.633000,42.780000,47.014000,34.068000,23.671,65.490000,61.802000,70.135000,52.967000,19.122,true,true
Brian2CUDA (GPU),brian2cuda,1,100,5,364.994000,352.165000,399.432000,267.779000,26.635,389.924000,375.069000,427.116000,285.956000,26.664,true,true
Brian2CUDA (GPU),brian2cuda,4,0.1,5,36.347000,35.190000,39.722000,34.973000,3.780,58.266000,56.202000,64.586000,54.298000,6.810,true,true
Brian2CUDA (GPU),brian2cuda,4,1,5,48.739000,48.115000,52.762000,43.664000,10.413,69.826000,67.901000,77.280000,62.248000,10.853,true,true
Brian2CUDA (GPU),brian2cuda,4,10,5,173.968000,171.059000,191.564000,136.873000,21.323,194.737000,191.281000,214.962000,154.675000,20.572,true,true
Brian2CUDA (GPU),brian2cuda,4,100,5,1453.857000,1411.437000,1688.813000,1081.649000,25.601,1489.045000,1444.126000,1737.759000,1099.600000,26.154,true,true
Brian2CUDA (GPU),brian2cuda,8,0.1,5,71.297000,69.731000,133.305000,70.270000,1.440,93.279000,89.984000,170.116000,87.716000,5.964,false,true
Brian2CUDA (GPU),brian2cuda,8,1,5,96.881000,94.734000,179.849000,88.938000,8.199,118.390000,114.687000,217.486000,106.547000,10.003,true,true
Brian2CUDA (GPU),brian2cuda,8,10,5,349.906000,339.285000,553.621000,272.610000,22.091,373.436000,361.356000,595.281000,289.480000,22.482,true,true
Brian2CUDA (GPU),brian2cuda,8,100,5,2921.291000,2815.127000,5170.036000,2178.171000,25.438,2972.258000,2864.716000,5262.626000,2195.856000,26.122,true,true
Brian2CUDA (GPU),brian2cuda,16,0.1,5,143.496000,138.953000,264.345000,138.340000,3.593,170.510000,161.270000,308.207000,156.826000,8.025,true,true
Brian2CUDA (GPU),brian2cuda,16,1,5,194.490000,189.505000,294.825000,175.803000,9.608,219.546000,212.472000,336.521000,193.113000,12.040,true,true
Brian2CUDA (GPU),brian2cuda,16,10,5,710.563000,679.555000,815.932000,545.489000,23.231,740.597000,707.102000,853.023000,562.359000,24.067,true,true
Brian2CUDA (GPU),brian2cuda,16,100,5,6095.097000,5645.379000,9478.896000,4272.180000,29.908,6194.305000,5726.327000,9574.160000,4289.300000,30.754,true,true
Brian2CUDA (GPU),brian2cuda,32,0.1,5,295.369000,280.393000,343.680000,277.017000,6.213,327.139000,308.639000,383.376000,294.155000,10.083,true,true
Brian2CUDA (GPU),brian2cuda,32,1,5,397.242000,380.213000,453.589000,349.332000,12.061,429.802000,409.038000,492.918000,365.768000,14.898,true,true
Brian2CUDA (GPU),brian2cuda,32,10,5,1462.400000,1373.412000,2544.060000,1084.527000,25.839,1503.106000,1410.790000,2595.147000,1100.598000,26.778,true,true
Brian2CUDA (GPU),brian2cuda,32,100,5,12147.043000,11863.387000,18022.245000,12235.034000,-0.724,12298.098000,12011.831000,18182.569000,12252.464000,0.371,false,false
PyTorch (CUDA),pytorch,1,0.1,5,1.174000,1.005000,1.268000,0.715000,39.097,3.194000,1.969000,3.604000,1.934000,39.449,true,true
PyTorch (CUDA),pytorch,1,1,5,9.817000,9.142000,11.053000,6.546000,33.320,10.695000,9.819000,12.219000,7.600000,28.939,true,true
PyTorch (CUDA),pytorch,1,10,5,98.391000,91.058000,114.859000,65.093000,33.843,99.732000,92.027000,116.513000,65.980000,33.843,true,true
PyTorch (CUDA),pytorch,1,100,5,1002.408000,926.809000,1026.610000,651.351000,35.021,1007.352000,931.473000,1031.545000,652.385000,35.238,true,true
PyTorch (CUDA),pytorch,4,0.1,5,3.572000,3.302000,3.705000,2.919000,18.281,4.160000,3.861000,4.348000,3.843000,7.620,true,true
PyTorch (CUDA),pytorch,4,1,5,33.074000,30.596000,34.478000,28.984000,12.366,33.731000,31.199000,35.031000,29.888000,11.393,true,true
PyTorch (CUDA),pytorch,4,10,5,333.591000,309.222000,338.962000,290.548000,12.903,334.857000,310.457000,340.181000,291.434000,12.968,true,true
PyTorch (CUDA),pytorch,4,100,5,3339.210000,3135.144000,3381.599000,2908.648000,12.894,3347.572000,3142.930000,3390.058000,2909.608000,13.083,true,true
PyTorch (CUDA),pytorch,8,0.1,5,5.175000,4.857000,5.395000,4.502000,13.005,5.690000,5.445000,6.163000,5.424000,4.675,true,true
PyTorch (CUDA),pytorch,8,1,5,49.505000,46.709000,51.126000,45.063000,8.973,50.072000,47.443000,51.748000,45.972000,8.188,true,true
PyTorch (CUDA),pytorch,8,10,5,497.777000,471.303000,511.535000,450.721000,9.453,499.111000,472.618000,512.945000,451.624000,9.514,true,true
PyTorch (CUDA),pytorch,8,100,5,5003.577000,4737.911000,5127.092000,4518.745000,9.690,5013.831000,4747.041000,5140.057000,4519.662000,9.856,true,true
PyTorch (CUDA),pytorch,16,0.1,5,9.424000,8.943000,9.894000,8.763000,7.014,10.011000,9.484000,11.002000,9.666000,3.446,true,false
PyTorch (CUDA),pytorch,16,1,5,92.759000,88.257000,96.239000,87.716000,5.437,93.413000,88.847000,97.108000,88.639000,5.111,true,true
PyTorch (CUDA),pytorch,16,10,5,927.745000,882.040000,956.954000,872.854000,5.917,929.611000,883.772000,959.106000,873.773000,6.007,true,true
PyTorch (CUDA),pytorch,16,100,5,9179.910000,8862.503000,9520.478000,8717.725000,5.035,9195.965000,8877.450000,9542.494000,8718.640000,5.191,true,true
PyTorch (CUDA),pytorch,32,0.1,5,18.781000,17.953000,19.230000,17.799000,5.229,19.521000,18.545000,22.133000,18.794000,3.724,true,false
PyTorch (CUDA),pytorch,32,1,5,185.552000,178.737000,192.099000,178.468000,3.818,186.409000,179.484000,193.099000,179.391000,3.765,true,true
PyTorch (CUDA),pytorch,32,10,5,1856.601000,1786.068000,1917.410000,1821.647000,1.883,1859.597000,1788.869000,1920.589000,1822.604000,1.989,false,false
PyTorch (CUDA),pytorch,32,100,5,18512.295000,18164.534000,19723.264000,18391.769000,0.651,18538.880000,18192.152000,19756.577000,18392.812000,0.788,false,false
NEST GPU,nestgpu,1,0.1,5,0.199000,0.135000,0.239000,0.169000,15.075,5.926000,5.378000,6.625000,5.726000,3.375,false,false
NEST GPU,nestgpu,1,1,5,1.003000,0.950000,1.179000,1.278000,-27.418,6.538000,5.893000,7.030000,5.643000,13.689,false,true
NEST GPU,nestgpu,1,10,5,9.920000,8.828000,13.341000,12.775000,-28.780,15.389000,14.065000,19.062000,17.997000,-16.947,false,false
NEST GPU,nestgpu,1,100,5,100.524000,90.193000,143.509000,126.602000,-25.942,112.317000,101.289000,156.170000,130.991000,-16.626,false,false
NEST GPU,nestgpu,4,0.1,5,0.595000,0.512000,0.626000,0.669000,-12.437,22.016000,20.644000,24.041000,21.738000,1.263,false,false
NEST GPU,nestgpu,4,1,5,4.219000,3.752000,4.850000,5.240000,-24.200,26.155000,23.475000,26.620000,25.887000,1.025,false,false
NEST GPU,nestgpu,4,10,5,41.360000,35.586000,53.726000,51.489000,-24.490,63.287000,56.436000,77.195000,68.826000,-8.752,false,false
NEST GPU,nestgpu,4,100,5,403.594000,362.197000,573.829000,489.993000,-21.407,451.905000,406.939000,624.610000,507.191000,-12.234,false,false
NEST GPU,nestgpu,8,0.1,5,1.097000,1.076000,1.252000,1.169000,-6.563,44.423000,40.991000,46.502000,42.827000,3.593,false,false
NEST GPU,nestgpu,8,1,5,8.012000,7.680000,9.014000,9.023000,-12.619,50.328000,47.239000,53.707000,47.724000,5.174,false,false
NEST GPU,nestgpu,8,10,5,78.885000,74.883000,95.009000,90.058000,-14.164,122.658000,117.280000,143.002000,124.745000,-1.701,false,false
NEST GPU,nestgpu,8,100,5,879.957000,757.573000,939.556000,987.446000,-12.215,986.230000,848.785000,1047.691000,1022.075000,-3.635,false,false
NEST GPU,nestgpu,16,0.1,5,2.368000,2.035000,2.664000,2.548000,-7.601,91.315000,81.161000,96.665000,77.814000,14.785,false,true
NEST GPU,nestgpu,16,1,5,17.683000,15.788000,19.008000,20.102000,-13.680,105.640000,94.598000,110.959000,92.587000,12.356,false,true
NEST GPU,nestgpu,16,10,5,182.859000,152.912000,318.729000,176.659000,3.391,279.550000,242.782000,414.354000,247.458000,11.480,false,false
NEST GPU,nestgpu,16,100,5,1962.650000,1535.564000,3789.663000,1695.282000,13.623,2224.081000,1714.853000,4013.110000,1765.531000,20.618,false,false
NEST GPU,nestgpu,32,0.1,5,4.772000,4.168000,8.177000,4.487000,5.972,187.278000,160.358000,207.313000,158.640000,15.292,false,true
NEST GPU,nestgpu,32,1,5,33.866000,30.412000,69.572000,33.637000,0.676,208.513000,189.552000,251.688000,176.018000,15.584,false,true
NEST GPU,nestgpu,32,10,5,350.137000,278.720000,597.163000,336.867000,3.790,549.665000,445.734000,787.400000,477.174000,13.188,false,false
NEST GPU,nestgpu,32,100,5,3431.327000,2845.629000,3648.682000,3212.393000,6.380,3830.740000,3203.455000,4113.471000,3347.402000,12.617,false,false
GeNN (GPU),genn,1,0.1,5,0.052000,0.045000,1.808000,0.051000,1.923,15.545000,11.627000,20.169000,15.061000,3.114,false,false
GeNN (GPU),genn,1,1,5,0.539000,0.471000,0.707000,0.544000,-0.928,15.222000,13.706000,16.617000,14.073000,7.548,false,false
GeNN (GPU),genn,1,10,5,5.747000,4.698000,7.458000,4.903000,14.686,21.384000,19.154000,25.129000,18.291000,14.464,false,true
GeNN (GPU),genn,1,100,5,49.965000,47.574000,56.023000,52.200000,-4.473,70.841000,66.532000,81.175000,66.094000,6.701,false,true
GeNN (GPU),genn,4,0.1,5,0.072000,0.064000,0.111000,0.071000,1.389,13.998000,12.719000,18.873000,14.010000,-0.086,false,false
GeNN (GPU),genn,4,1,5,0.725000,0.635000,0.749000,0.729000,-0.552,15.450000,13.709000,15.893000,15.296000,0.997,false,false
GeNN (GPU),genn,4,10,5,7.845000,6.781000,8.005000,7.144000,8.936,29.391000,25.414000,31.176000,21.670000,26.270,false,true
GeNN (GPU),genn,4,100,5,75.899000,68.784000,80.639000,67.628000,10.897,115.620000,104.736000,123.993000,81.925000,29.143,true,true
GeNN (GPU),genn,8,0.1,5,0.111000,0.103000,0.121000,0.117000,-5.405,14.311000,12.437000,15.381000,14.144000,1.167,false,false
GeNN (GPU),genn,8,1,5,1.155000,1.075000,1.282000,1.028000,10.996,16.728000,14.826000,18.669000,15.062000,9.959,true,false
GeNN (GPU),genn,8,10,5,11.703000,10.990000,12.624000,11.579000,1.060,41.414000,36.212000,45.273000,26.902000,35.041,false,true
GeNN (GPU),genn,8,100,5,119.301000,110.084000,127.809000,102.738000,13.883,185.764000,168.712000,197.767000,116.972000,37.032,true,true
GeNN (GPU),genn,16,0.1,5,0.919000,0.832000,1.288000,0.826000,10.120,16.323000,12.483000,16.964000,14.671000,10.121,true,false
GeNN (GPU),genn,16,1,5,9.077000,8.009000,10.212000,8.238000,9.243,26.508000,23.225000,31.505000,22.804000,13.973,false,true
GeNN (GPU),genn,16,10,5,86.753000,81.829000,97.108000,82.817000,4.537,120.384000,109.982000,130.776000,97.303000,19.173,false,true
GeNN (GPU),genn,16,100,5,911.646000,815.326000,1492.081000,825.692000,9.428,1027.473000,911.916000,1604.988000,839.964000,18.250,false,true
GeNN (GPU),genn,32,0.1,5,2.272000,1.731000,4.992000,1.582000,30.370,17.489000,14.899000,20.198000,16.012000,8.445,true,false
GeNN (GPU),genn,32,1,5,23.909000,17.217000,49.462000,15.705000,34.313,41.290000,37.983000,69.121000,31.728000,23.158,true,true
GeNN (GPU),genn,32,10,5,226.970000,172.393000,319.680000,156.973000,30.840,262.815000,216.042000,361.587000,171.476000,34.754,true,true
GeNN (GPU),genn,32,100,5,2309.059000,1700.420000,6552.755000,1575.098000,31.786,2482.515000,1895.166000,6730.819000,1590.982000,35.912,true,true
Brian2GeNN (GPU),brian2genn,1,0.1,5,0.194000,0.185000,0.222000,0.081000,58.247,32.485000,28.803000,32.968000,31.795000,2.124,true,false
Brian2GeNN (GPU),brian2genn,1,1,5,1.935000,1.874000,2.024000,1.194000,38.295,33.105000,29.438000,36.687000,31.876000,3.712,true,false
Brian2GeNN (GPU),brian2genn,1,10,5,19.248000,18.724000,19.673000,12.323000,35.978,50.712000,46.199000,52.357000,43.630000,13.965,true,true
Brian2GeNN (GPU),brian2genn,1,100,5,191.455000,188.610000,193.275000,123.436000,35.527,235.531000,220.190000,242.200000,157.875000,32.971,true,true
Brian2GeNN (GPU),brian2genn,4,0.1,5,0.772000,0.760000,0.848000,0.326000,57.772,124.620000,112.428000,129.077000,121.527000,2.482,true,false
Brian2GeNN (GPU),brian2genn,4,1,5,7.760000,7.705000,8.131000,4.795000,38.209,131.545000,120.907000,137.268000,310.311000,-135.897,true,false
Brian2GeNN (GPU),brian2genn,4,10,5,76.322000,75.780000,77.093000,49.494000,35.151,202.322000,188.588000,211.253000,222.120000,-9.785,true,false
Brian2GeNN (GPU),brian2genn,4,100,5,764.370000,757.699000,777.783000,496.267000,35.075,947.543000,894.911000,974.117000,653.751000,31.006,true,true
Brian2GeNN (GPU),brian2genn,8,0.1,5,1.635000,1.523000,1.677000,0.653000,60.061,249.900000,229.214000,259.496000,244.077000,2.330,true,false
Brian2GeNN (GPU),brian2genn,8,1,5,16.246000,15.526000,16.617000,9.595000,40.939,261.648000,244.324000,274.817000,252.121000,3.641,true,false
Brian2GeNN (GPU),brian2genn,8,10,5,152.620000,152.078000,171.142000,98.866000,35.221,409.553000,387.389000,499.893000,342.754000,16.310,true,true
Brian2GeNN (GPU),brian2genn,8,100,5,1532.964000,1518.575000,1610.740000,991.292000,35.335,1906.653000,1792.152000,1992.769000,1279.737000,32.880,true,true
Brian2GeNN (GPU),brian2genn,16,0.1,5,3.255000,3.064000,3.418000,1.308000,59.816,490.182000,464.703000,498.433000,776.032000,-58.315,true,false
Brian2GeNN (GPU),brian2genn,16,1,5,32.238000,30.504000,33.681000,19.221000,40.378,512.649000,497.037000,547.447000,1070.051000,-108.730,true,false
Brian2GeNN (GPU),brian2genn,16,10,5,305.809000,304.102000,309.542000,198.511000,35.087,818.512000,781.064000,846.730000,936.734000,-14.444,true,false
Brian2GeNN (GPU),brian2genn,16,100,5,3064.389000,3049.875000,3105.737000,1996.280000,34.856,3749.769000,3647.401000,3895.586000,2658.442000,29.104,true,true
Brian2GeNN (GPU),brian2genn,32,0.1,5,6.461000,6.239000,6.855000,2.624000,59.387,996.206000,937.115000,1034.982000,1381.394000,-38.665,true,false
Brian2GeNN (GPU),brian2genn,32,1,5,63.959000,62.702000,67.125000,38.381000,39.991,1048.889000,1009.134000,1098.505000,1247.261000,-18.913,true,false
Brian2GeNN (GPU),brian2genn,32,10,5,616.025000,609.785000,624.685000,395.892000,35.734,1630.315000,1564.688000,1733.239000,1598.205000,1.970,true,false
Brian2GeNN (GPU),brian2genn,32,100,5,6158.431000,6139.110000,6320.418000,3908.939000,36.527,7464.839000,7231.207000,8047.455000,5136.329000,31.193,true,true
