framework,n_run,t_run,setup_time,build_time,sim_time,total_time,realtime_ratio,spikes,active_neurons,status,timestamp,backend_key,experiment,experiment_key,run_label,round,spike_path
Brian2 (CPU),1,0.1,0.914,2.252,0.787,3.999,0.1271,0,0,success,2026-06-23 14:48:03,brian2cpp,Sugar GRNs (200 Hz),sugar,nature_2026_07_noio,1,
Brian2 (CPU),1,1.0,0.713,2.223,2.891,5.869,0.3459,0,0,success,2026-06-23 14:48:09,brian2cpp,Sugar GRNs (200 Hz),sugar,nature_2026_07_noio,1,
Brian2 (CPU),1,10.0,0.709,2.286,24.797,27.827,0.4033,0,0,success,2026-06-23 14:48:34,brian2cpp,Sugar GRNs (200 Hz),sugar,nature_2026_07_noio,1,
Brian2 (CPU),1,100.0,0.737,2.088,298.292,301.153,0.3352,0,0,success,2026-06-23 14:53:09,brian2cpp,Sugar GRNs (200 Hz),sugar,nature_2026_07_noio,1,
Brian2 (CPU),4,0.1,0.0,0.0,4.451,4.486,0.0899,0,0,success,2026-06-23 14:53:14,brian2cpp,Sugar GRNs (200 Hz),sugar,nature_2026_07_noio,1,
Brian2 (CPU),4,1.0,0.0,0.0,7.49,7.526,0.534,0,0,success,2026-06-23 14:53:19,brian2cpp,Sugar GRNs (200 Hz),sugar,nature_2026_07_noio,1,
Brian2 (CPU),4,10.0,0.0,0.0,51.646,51.688,0.7745,0,0,success,2026-06-23 14:54:07,brian2cpp,Sugar GRNs (200 Hz),sugar,nature_2026_07_noio,1,
Brian2 (CPU),4,100.0,0.0,0.0,505.789,505.825,0.7908,0,0,success,2026-06-23 15:01:48,brian2cpp,Sugar GRNs (200 Hz),sugar,nature_2026_07_noio,1,
Brian2 (CPU),8,0.1,0.0,0.0,5.863,5.901,0.1364,0,0,success,2026-06-23 15:01:53,brian2cpp,Sugar GRNs (200 Hz),sugar,nature_2026_07_noio,1,
Brian2 (CPU),8,1.0,0.0,0.0,13.867,13.915,0.5769,0,0,success,2026-06-23 15:02:05,brian2cpp,Sugar GRNs (200 Hz),sugar,nature_2026_07_noio,1,
Brian2 (CPU),8,10.0,0.0,0.0,72.556,72.599,1.1026,0,0,success,2026-06-23 15:03:11,brian2cpp,Sugar GRNs (200 Hz),sugar,nature_2026_07_noio,1,
Brian2 (CPU),8,100.0,0.0,0.0,750.111,750.147,1.0665,0,0,success,2026-06-23 15:14:36,brian2cpp,Sugar GRNs (200 Hz),sugar,nature_2026_07_noio,1,
Brian2 (CPU),16,0.1,0.0,0.0,8.716,8.752,0.1836,0,0,success,2026-06-23 15:14:44,brian2cpp,Sugar GRNs (200 Hz),sugar,nature_2026_07_noio,1,
Brian2 (CPU),16,1.0,0.0,0.0,28.295,28.344,0.5655,0,0,success,2026-06-23 15:15:10,brian2cpp,Sugar GRNs (200 Hz),sugar,nature_2026_07_noio,1,
Brian2 (CPU),16,10.0,0.0,0.0,197.966,198.009,0.8082,0,0,success,2026-06-23 15:18:11,brian2cpp,Sugar GRNs (200 Hz),sugar,nature_2026_07_noio,1,
Brian2 (CPU),16,100.0,0.0,0.0,1925.868,1926.108,0.8308,0,0,success,2026-06-23 15:47:24,brian2cpp,Sugar GRNs (200 Hz),sugar,nature_2026_07_noio,1,
Brian2 (CPU),32,0.1,0.0,0.0,17.508,17.604,0.1828,0,0,success,2026-06-23 15:47:39,brian2cpp,Sugar GRNs (200 Hz),sugar,nature_2026_07_noio,1,
Brian2 (CPU),32,1.0,0.0,0.0,62.85,63.083,0.5091,0,0,success,2026-06-23 15:48:36,brian2cpp,Sugar GRNs (200 Hz),sugar,nature_2026_07_noio,1,
Brian2 (CPU),32,10.0,0.0,0.0,444.738,444.846,0.7195,0,0,success,2026-06-23 15:55:23,brian2cpp,Sugar GRNs (200 Hz),sugar,nature_2026_07_noio,1,
Brian2 (CPU),32,100.0,0.0,0.0,4175.633,4175.752,0.7664,0,0,success,2026-06-23 16:58:40,brian2cpp,Sugar GRNs (200 Hz),sugar,nature_2026_07_noio,1,
Brian2CUDA (GPU),1,0.1,2.122,18.22,8.734,29.121,0.0114,0,0,success,2026-06-23 16:59:07,brian2cuda,Sugar GRNs (200 Hz),sugar,nature_2026_07_noio,1,
Brian2CUDA (GPU),1,1.0,0.804,18.053,10.89,29.799,0.0918,0,0,success,2026-06-23 16:59:34,brian2cuda,Sugar GRNs (200 Hz),sugar,nature_2026_07_noio,1,
Brian2CUDA (GPU),1,10.0,0.797,18.066,34.068,52.967,0.2935,0,0,success,2026-06-23 17:00:25,brian2cuda,Sugar GRNs (200 Hz),sugar,nature_2026_07_noio,1,
Brian2CUDA (GPU),1,100.0,0.768,17.374,267.779,285.956,0.3734,0,0,success,2026-06-23 17:04:45,brian2cuda,Sugar GRNs (200 Hz),sugar,nature_2026_07_noio,1,
Brian2CUDA (GPU),4,0.1,0.844,18.441,34.973,54.298,0.0114,0,0,success,2026-06-23 17:05:34,brian2cuda,Sugar GRNs (200 Hz),sugar,nature_2026_07_noio,1,
Brian2CUDA (GPU),4,1.0,0.797,17.751,43.664,62.248,0.0916,0,0,success,2026-06-23 17:06:30,brian2cuda,Sugar GRNs (200 Hz),sugar,nature_2026_07_noio,1,
Brian2CUDA (GPU),4,10.0,0.767,16.998,136.873,154.675,0.2922,0,0,success,2026-06-23 17:08:50,brian2cuda,Sugar GRNs (200 Hz),sugar,nature_2026_07_noio,1,
Brian2CUDA (GPU),4,100.0,0.805,17.111,1081.649,1099.6,0.3698,0,0,success,2026-06-23 17:25:31,brian2cuda,Sugar GRNs (200 Hz),sugar,nature_2026_07_noio,1,
Brian2CUDA (GPU),8,0.1,0.792,16.618,70.27,87.716,0.0114,0,0,success,2026-06-23 17:26:53,brian2cuda,Sugar GRNs (200 Hz),sugar,nature_2026_07_noio,1,
Brian2CUDA (GPU),8,1.0,0.783,16.79,88.938,106.547,0.09,0,0,success,2026-06-23 17:28:28,brian2cuda,Sugar GRNs (200 Hz),sugar,nature_2026_07_noio,1,
Brian2CUDA (GPU),8,10.0,0.767,16.066,272.61,289.48,0.2935,0,0,success,2026-06-23 17:32:51,brian2cuda,Sugar GRNs (200 Hz),sugar,nature_2026_07_noio,1,
Brian2CUDA (GPU),8,100.0,0.815,16.835,2178.171,2195.856,0.3673,0,0,success,2026-06-23 18:06:07,brian2cuda,Sugar GRNs (200 Hz),sugar,nature_2026_07_noio,1,
Brian2CUDA (GPU),16,0.1,0.784,17.665,138.34,156.826,0.0116,0,0,success,2026-06-23 18:08:30,brian2cuda,Sugar GRNs (200 Hz),sugar,nature_2026_07_noio,1,
Brian2CUDA (GPU),16,1.0,0.765,16.508,175.803,193.113,0.091,0,0,success,2026-06-23 18:11:25,brian2cuda,Sugar GRNs (200 Hz),sugar,nature_2026_07_noio,1,
Brian2CUDA (GPU),16,10.0,0.773,16.061,545.489,562.359,0.2933,0,0,success,2026-06-23 18:19:58,brian2cuda,Sugar GRNs (200 Hz),sugar,nature_2026_07_noio,1,
Brian2CUDA (GPU),16,100.0,0.751,16.334,4272.18,4289.3,0.3745,0,0,success,2026-06-23 19:24:57,brian2cuda,Sugar GRNs (200 Hz),sugar,nature_2026_07_noio,1,
Brian2CUDA (GPU),32,0.1,0.78,16.32,277.017,294.155,0.0116,0,0,success,2026-06-23 19:29:25,brian2cuda,Sugar GRNs (200 Hz),sugar,nature_2026_07_noio,1,
Brian2CUDA (GPU),32,1.0,0.78,15.621,349.332,365.768,0.0916,0,0,success,2026-06-23 19:34:59,brian2cuda,Sugar GRNs (200 Hz),sugar,nature_2026_07_noio,1,
Brian2CUDA (GPU),32,10.0,0.746,15.291,1084.527,1100.598,0.2951,0,0,success,2026-06-23 19:51:40,brian2cuda,Sugar GRNs (200 Hz),sugar,nature_2026_07_noio,1,
Brian2CUDA (GPU),32,100.0,0.774,16.62,12235.034,12252.464,0.2615,0,0,success,2026-06-23 22:57:17,brian2cuda,Sugar GRNs (200 Hz),sugar,nature_2026_07_noio,1,
PyTorch (CUDA),1,0.1,1.17,0.0,0.715,1.934,0.1399,0,0,success,2026-07-14 10:25:22,pytorch,Sugar GRNs (200 Hz),sugar,nature_2026_07_noio,1,
PyTorch (CUDA),1,1.0,1.013,0.0,6.546,7.6,0.1528,0,0,success,2026-07-14 10:25:28,pytorch,Sugar GRNs (200 Hz),sugar,nature_2026_07_noio,1,
PyTorch (CUDA),1,10.0,0.852,0.0,65.093,65.98,0.1536,0,0,success,2026-07-14 10:26:32,pytorch,Sugar GRNs (200 Hz),sugar,nature_2026_07_noio,1,
PyTorch (CUDA),1,100.0,0.993,0.0,651.351,652.385,0.1535,0,0,success,2026-07-14 10:37:01,pytorch,Sugar GRNs (200 Hz),sugar,nature_2026_07_noio,1,
PyTorch (CUDA),4,0.1,0.89,0.0,2.919,3.843,0.137,0,0,success,2026-07-14 10:37:05,pytorch,Sugar GRNs (200 Hz),sugar,nature_2026_07_noio,1,
PyTorch (CUDA),4,1.0,0.866,0.0,28.984,29.888,0.138,0,0,success,2026-07-14 10:37:34,pytorch,Sugar GRNs (200 Hz),sugar,nature_2026_07_noio,1,
PyTorch (CUDA),4,10.0,0.851,0.0,290.548,291.434,0.1377,0,0,success,2026-07-14 10:42:15,pytorch,Sugar GRNs (200 Hz),sugar,nature_2026_07_noio,1,
PyTorch (CUDA),4,100.0,0.924,0.0,2908.648,2909.608,0.1375,0,0,success,2026-07-14 11:28:54,pytorch,Sugar GRNs (200 Hz),sugar,nature_2026_07_noio,1,
PyTorch (CUDA),8,0.1,0.888,0.0,4.502,5.424,0.1777,0,0,success,2026-07-14 11:28:59,pytorch,Sugar GRNs (200 Hz),sugar,nature_2026_07_noio,1,
PyTorch (CUDA),8,1.0,0.877,0.0,45.063,45.972,0.1775,0,0,success,2026-07-14 11:29:44,pytorch,Sugar GRNs (200 Hz),sugar,nature_2026_07_noio,1,
PyTorch (CUDA),8,10.0,0.871,0.0,450.721,451.624,0.1775,0,0,success,2026-07-14 11:36:58,pytorch,Sugar GRNs (200 Hz),sugar,nature_2026_07_noio,1,
PyTorch (CUDA),8,100.0,0.884,0.0,4518.745,4519.662,0.177,0,0,success,2026-07-14 12:49:08,pytorch,Sugar GRNs (200 Hz),sugar,nature_2026_07_noio,1,
PyTorch (CUDA),16,0.1,0.87,0.0,8.763,9.666,0.1826,0,0,success,2026-07-14 12:49:16,pytorch,Sugar GRNs (200 Hz),sugar,nature_2026_07_noio,1,
PyTorch (CUDA),16,1.0,0.891,0.0,87.716,88.639,0.1824,0,0,success,2026-07-14 12:50:41,pytorch,Sugar GRNs (200 Hz),sugar,nature_2026_07_noio,1,
PyTorch (CUDA),16,10.0,0.885,0.0,872.854,873.773,0.1833,0,0,success,2026-07-14 13:04:35,pytorch,Sugar GRNs (200 Hz),sugar,nature_2026_07_noio,1,
PyTorch (CUDA),16,100.0,0.879,0.0,8717.725,8718.64,0.1835,0,0,success,2026-07-14 15:23:18,pytorch,Sugar GRNs (200 Hz),sugar,nature_2026_07_noio,1,
PyTorch (CUDA),32,0.1,0.96,0.0,17.799,18.794,0.1798,0,0,success,2026-07-14 15:23:37,pytorch,Sugar GRNs (200 Hz),sugar,nature_2026_07_noio,1,
PyTorch (CUDA),32,1.0,0.889,0.0,178.468,179.391,0.1793,0,0,success,2026-07-14 15:26:26,pytorch,Sugar GRNs (200 Hz),sugar,nature_2026_07_noio,1,
PyTorch (CUDA),32,10.0,0.92,0.0,1821.647,1822.604,0.1757,0,0,success,2026-07-14 15:55:12,pytorch,Sugar GRNs (200 Hz),sugar,nature_2026_07_noio,1,
PyTorch (CUDA),32,100.0,1.006,0.0,18391.769,18392.812,0.174,0,0,success,2026-07-14 20:42:51,pytorch,Sugar GRNs (200 Hz),sugar,nature_2026_07_noio,1,
NEST GPU,1,0.1,4.395,0.0,0.169,5.726,0.5933,0,0,success,2026-07-14 20:42:56,nestgpu,Sugar GRNs (200 Hz),sugar,nature_2026_07_noio,1,
NEST GPU,1,1.0,3.507,0.0,1.278,5.643,0.7823,0,0,success,2026-07-14 20:43:02,nestgpu,Sugar GRNs (200 Hz),sugar,nature_2026_07_noio,1,
NEST GPU,1,10.0,4.264,0.0,12.775,17.997,0.7828,0,0,success,2026-07-14 20:43:20,nestgpu,Sugar GRNs (200 Hz),sugar,nature_2026_07_noio,1,
NEST GPU,1,100.0,3.506,0.0,126.602,130.991,0.7899,0,0,success,2026-07-14 20:45:20,nestgpu,Sugar GRNs (200 Hz),sugar,nature_2026_07_noio,1,
NEST GPU,4,0.1,4.323,0.0,0.669,21.738,0.5983,0,0,success,2026-07-14 20:45:42,nestgpu,Sugar GRNs (200 Hz),sugar,nature_2026_07_noio,1,
NEST GPU,4,1.0,4.151,0.0,5.24,25.887,0.7633,0,0,success,2026-07-14 20:46:05,nestgpu,Sugar GRNs (200 Hz),sugar,nature_2026_07_noio,1,
NEST GPU,4,10.0,3.469,0.0,51.489,68.826,0.7769,0,0,success,2026-07-14 20:47:10,nestgpu,Sugar GRNs (200 Hz),sugar,nature_2026_07_noio,1,
NEST GPU,4,100.0,3.455,0.0,489.993,507.191,0.8163,0,0,success,2026-07-14 20:55:01,nestgpu,Sugar GRNs (200 Hz),sugar,nature_2026_07_noio,1,
NEST GPU,8,0.1,4.264,0.0,1.169,42.827,0.6841,0,0,success,2026-07-14 20:55:41,nestgpu,Sugar GRNs (200 Hz),sugar,nature_2026_07_noio,1,
NEST GPU,8,1.0,3.929,0.0,9.023,47.724,0.8866,0,0,success,2026-07-14 20:56:25,nestgpu,Sugar GRNs (200 Hz),sugar,nature_2026_07_noio,1,
NEST GPU,8,10.0,3.476,0.0,90.058,124.745,0.8883,0,0,success,2026-07-14 20:58:20,nestgpu,Sugar GRNs (200 Hz),sugar,nature_2026_07_noio,1,
NEST GPU,8,100.0,3.463,0.0,987.446,1022.075,0.8102,0,0,success,2026-07-14 21:14:13,nestgpu,Sugar GRNs (200 Hz),sugar,nature_2026_07_noio,1,
NEST GPU,16,0.1,3.804,0.0,2.548,77.814,0.6279,0,0,success,2026-07-14 21:15:24,nestgpu,Sugar GRNs (200 Hz),sugar,nature_2026_07_noio,1,
NEST GPU,16,1.0,3.66,0.0,20.102,92.587,0.7959,0,0,success,2026-07-14 21:16:50,nestgpu,Sugar GRNs (200 Hz),sugar,nature_2026_07_noio,1,
NEST GPU,16,10.0,3.531,0.0,176.659,247.458,0.9057,0,0,success,2026-07-14 21:20:42,nestgpu,Sugar GRNs (200 Hz),sugar,nature_2026_07_noio,1,
NEST GPU,16,100.0,3.5,0.0,1695.282,1765.531,0.9438,0,0,success,2026-07-14 21:48:01,nestgpu,Sugar GRNs (200 Hz),sugar,nature_2026_07_noio,1,
NEST GPU,32,0.1,3.908,0.0,4.487,158.64,0.7131,0,0,success,2026-07-14 21:50:28,nestgpu,Sugar GRNs (200 Hz),sugar,nature_2026_07_noio,1,
NEST GPU,32,1.0,3.59,0.0,33.637,176.018,0.9513,0,0,success,2026-07-14 21:53:13,nestgpu,Sugar GRNs (200 Hz),sugar,nature_2026_07_noio,1,
NEST GPU,32,10.0,3.511,0.0,336.867,477.174,0.9499,0,0,success,2026-07-14 22:00:35,nestgpu,Sugar GRNs (200 Hz),sugar,nature_2026_07_noio,1,
NEST GPU,32,100.0,3.364,0.0,3212.393,3347.402,0.9961,0,0,success,2026-07-14 22:54:39,nestgpu,Sugar GRNs (200 Hz),sugar,nature_2026_07_noio,1,
GeNN (GPU),1,0.1,10.895,4.115,0.051,15.061,1.9743,0,0,success,2026-06-24 11:22:48,genn,Sugar GRNs (200 Hz),sugar,nature_2026_07_noio,1,
GeNN (GPU),1,1.0,9.531,3.998,0.544,14.073,1.8398,0,0,success,2026-06-24 11:23:04,genn,Sugar GRNs (200 Hz),sugar,nature_2026_07_noio,1,
GeNN (GPU),1,10.0,9.302,4.086,4.903,18.291,2.0395,0,0,success,2026-06-24 11:23:23,genn,Sugar GRNs (200 Hz),sugar,nature_2026_07_noio,1,
GeNN (GPU),1,100.0,9.938,3.957,52.2,66.094,1.9157,0,0,success,2026-06-24 11:24:28,genn,Sugar GRNs (200 Hz),sugar,nature_2026_07_noio,1,
GeNN (GPU),4,0.1,9.81,4.129,0.071,14.01,5.6219,0,0,success,2026-06-24 11:24:44,genn,Sugar GRNs (200 Hz),sugar,nature_2026_07_noio,1,
GeNN (GPU),4,1.0,10.118,4.449,0.729,15.296,5.4896,0,0,success,2026-06-24 11:25:00,genn,Sugar GRNs (200 Hz),sugar,nature_2026_07_noio,1,
GeNN (GPU),4,10.0,10.221,4.305,7.144,21.67,5.5994,0,0,success,2026-06-24 11:25:22,genn,Sugar GRNs (200 Hz),sugar,nature_2026_07_noio,1,
GeNN (GPU),4,100.0,9.577,4.72,67.628,81.925,5.9147,0,0,success,2026-06-24 11:26:43,genn,Sugar GRNs (200 Hz),sugar,nature_2026_07_noio,1,
GeNN (GPU),8,0.1,9.899,4.127,0.117,14.144,6.8104,0,0,success,2026-06-24 11:26:58,genn,Sugar GRNs (200 Hz),sugar,nature_2026_07_noio,1,
GeNN (GPU),8,1.0,9.928,4.105,1.028,15.062,7.7805,0,0,success,2026-06-24 11:27:14,genn,Sugar GRNs (200 Hz),sugar,nature_2026_07_noio,1,
GeNN (GPU),8,10.0,10.941,4.382,11.579,26.902,6.9092,0,0,success,2026-06-24 11:27:41,genn,Sugar GRNs (200 Hz),sugar,nature_2026_07_noio,1,
GeNN (GPU),8,100.0,9.972,4.261,102.738,116.972,7.7868,0,0,success,2026-06-24 11:29:36,genn,Sugar GRNs (200 Hz),sugar,nature_2026_07_noio,1,
GeNN (GPU),16,0.1,9.731,4.114,0.826,14.671,1.9376,0,0,success,2026-06-24 11:29:52,genn,Sugar GRNs (200 Hz),sugar,nature_2026_07_noio,1,
GeNN (GPU),16,1.0,10.288,4.278,8.238,22.804,1.9422,0,0,success,2026-06-24 11:30:15,genn,Sugar GRNs (200 Hz),sugar,nature_2026_07_noio,1,
GeNN (GPU),16,10.0,10.399,4.086,82.817,97.303,1.932,0,0,success,2026-06-24 11:31:51,genn,Sugar GRNs (200 Hz),sugar,nature_2026_07_noio,1,
GeNN (GPU),16,100.0,10.068,4.205,825.692,839.964,1.9378,0,0,success,2026-06-24 11:45:25,genn,Sugar GRNs (200 Hz),sugar,nature_2026_07_noio,1,
GeNN (GPU),32,0.1,10.155,4.275,1.582,16.012,2.0229,0,0,success,2026-06-24 11:45:42,genn,Sugar GRNs (200 Hz),sugar,nature_2026_07_noio,1,
GeNN (GPU),32,1.0,11.39,4.634,15.705,31.728,2.0376,0,0,success,2026-06-24 11:46:14,genn,Sugar GRNs (200 Hz),sugar,nature_2026_07_noio,1,
GeNN (GPU),32,10.0,10.195,4.308,156.973,171.476,2.0386,0,0,success,2026-06-24 11:49:01,genn,Sugar GRNs (200 Hz),sugar,nature_2026_07_noio,1,
GeNN (GPU),32,100.0,11.515,4.37,1575.098,1590.982,2.0316,0,0,success,2026-06-24 12:14:40,genn,Sugar GRNs (200 Hz),sugar,nature_2026_07_noio,1,
Brian2GeNN (GPU),1,0.1,0.889,30.777,0.081,31.795,1.23,0,0,success,2026-06-24 12:15:23,brian2genn,Sugar GRNs (200 Hz),sugar,nature_2026_07_noio,1,
Brian2GeNN (GPU),1,1.0,0.702,29.938,1.194,31.876,0.8378,0,0,success,2026-06-24 12:15:54,brian2genn,Sugar GRNs (200 Hz),sugar,nature_2026_07_noio,1,
Brian2GeNN (GPU),1,10.0,0.678,30.593,12.323,43.63,0.8115,0,0,success,2026-06-24 12:16:36,brian2genn,Sugar GRNs (200 Hz),sugar,nature_2026_07_noio,1,
Brian2GeNN (GPU),1,100.0,0.68,33.724,123.436,157.875,0.8101,0,0,success,2026-06-24 12:19:09,brian2genn,Sugar GRNs (200 Hz),sugar,nature_2026_07_noio,1,
Brian2GeNN (GPU),4,0.1,2.77,118.281,0.326,121.527,1.2267,0,0,success,2026-06-24 12:21:06,brian2genn,Sugar GRNs (200 Hz),sugar,nature_2026_07_noio,1,
Brian2GeNN (GPU),4,1.0,6.981,298.234,4.795,310.311,0.8341,0,0,success,2026-06-24 12:26:06,brian2genn,Sugar GRNs (200 Hz),sugar,nature_2026_07_noio,1,
Brian2GeNN (GPU),4,10.0,3.805,168.64,49.494,222.12,0.8082,0,0,success,2026-06-24 12:29:41,brian2genn,Sugar GRNs (200 Hz),sugar,nature_2026_07_noio,1,
Brian2GeNN (GPU),4,100.0,4.401,152.902,496.267,653.751,0.806,0,0,success,2026-06-24 12:40:10,brian2genn,Sugar GRNs (200 Hz),sugar,nature_2026_07_noio,1,
Brian2GeNN (GPU),8,0.1,5.814,237.319,0.653,244.077,1.2249,0,0,success,2026-06-24 12:44:06,brian2genn,Sugar GRNs (200 Hz),sugar,nature_2026_07_noio,1,
Brian2GeNN (GPU),8,1.0,6.161,236.076,9.595,252.121,0.8337,0,0,success,2026-06-24 12:48:09,brian2genn,Sugar GRNs (200 Hz),sugar,nature_2026_07_noio,1,
Brian2GeNN (GPU),8,10.0,5.514,238.1,98.866,342.754,0.8092,0,0,success,2026-06-24 12:53:39,brian2genn,Sugar GRNs (200 Hz),sugar,nature_2026_07_noio,1,
Brian2GeNN (GPU),8,100.0,5.64,282.533,991.292,1279.737,0.807,0,0,success,2026-06-24 13:14:11,brian2genn,Sugar GRNs (200 Hz),sugar,nature_2026_07_noio,1,
Brian2GeNN (GPU),16,0.1,18.208,755.672,1.308,776.032,1.2234,0,0,success,2026-06-24 13:27:04,brian2genn,Sugar GRNs (200 Hz),sugar,nature_2026_07_noio,1,
Brian2GeNN (GPU),16,1.0,25.905,1023.733,19.221,1070.051,0.8324,0,0,success,2026-06-24 13:44:11,brian2genn,Sugar GRNs (200 Hz),sugar,nature_2026_07_noio,1,
Brian2GeNN (GPU),16,10.0,16.053,721.332,198.511,936.734,0.806,0,0,success,2026-06-24 13:59:38,brian2genn,Sugar GRNs (200 Hz),sugar,nature_2026_07_noio,1,
Brian2GeNN (GPU),16,100.0,13.117,648.377,1996.28,2658.442,0.8015,0,0,success,2026-06-24 14:42:04,brian2genn,Sugar GRNs (200 Hz),sugar,nature_2026_07_noio,1,
Brian2GeNN (GPU),32,0.1,33.013,1344.277,2.624,1381.394,1.2195,0,0,success,2026-06-24 15:04:17,brian2genn,Sugar GRNs (200 Hz),sugar,nature_2026_07_noio,1,
Brian2GeNN (GPU),32,1.0,29.349,1178.222,38.381,1247.261,0.8337,0,0,success,2026-06-24 15:24:09,brian2genn,Sugar GRNs (200 Hz),sugar,nature_2026_07_noio,1,
Brian2GeNN (GPU),32,10.0,25.161,1175.963,395.892,1598.205,0.8083,0,0,success,2026-06-24 15:49:41,brian2genn,Sugar GRNs (200 Hz),sugar,nature_2026_07_noio,1,
Brian2GeNN (GPU),32,100.0,23.439,1202.821,3908.939,5136.329,0.8186,0,0,success,2026-06-24 17:10:59,brian2genn,Sugar GRNs (200 Hz),sugar,nature_2026_07_noio,1,
